locus,protein,t_test,emb_protein_log2fc
LOC_Os08g03410,LOC_Os08g03410.1,0,-4.94
LOC_Os04g17100,LOC_Os04g17100.1,0,-3.82
LOC_Os11g32890,LOC_Os11g32890.1,0,-3.74
LOC_Os07g48030,LOC_Os07g48030.1,0.01,-3.54
LOC_Os05g15770,LOC_Os05g15770.1,0.02,-3.2
LOC_Os01g12580,LOC_Os01g12580.1,0,-3.17
LOC_Os01g12660,LOC_Os01g12660.1,0,-3.01
LOC_Os03g06360,LOC_Os03g06360.1,0.01,-2.9
LOC_Os02g04780,LOC_Os02g04780.1,0.01,-2.73
LOC_Os01g02120,LOC_Os01g02120.1,0.02,-2.69
LOC_Os03g06180,LOC_Os03g06180.1,0.02,-2.49
LOC_Os04g40540,LOC_Os04g40540.1,0.03,-2.48
LOC_Os01g09570,LOC_Os01g09570.1,0,-2.47
LOC_Os11g06750,LOC_Os11g06750.1,0.04,-2.43
LOC_Os05g23620,LOC_Os05g23620.1,0.01,-2.39
LOC_Os03g11050,LOC_Os03g11050.1,0.01,-2.34
LOC_Os12g05210,LOC_Os12g05210.1,0.02,-2.17
LOC_Os04g28420,LOC_Os04g28420.1,0.04,-2.15
LOC_Os01g57450,LOC_Os01g57450.1,0,-2.15
LOC_Os07g22600,LOC_Os07g22600.1,0,-2.09
LOC_Os01g03680,LOC_Os01g03680.1,0.03,-2.01
LOC_Os05g34150,LOC_Os05g34150.1,0.04,-1.97
LOC_Os02g08490,LOC_Os02g08490.1,0.01,-1.96
LOC_Os02g06410,LOC_Os02g06410.1,0,-1.92
LOC_Os01g16920,LOC_Os01g16920.1,0.01,-1.88
LOC_Os04g36750,LOC_Os04g36750.1,0.01,-1.88
LOC_Os05g51670,LOC_Os05g51670.1,0.01,-1.82
LOC_Os02g40514,LOC_Os02g40514.1,0.02,-1.69
LOC_Os08g01370,LOC_Os08g01370.1,0.04,-1.68
LOC_Os03g53620,LOC_Os03g53620.1,0.04,-1.68
LOC_Os04g05010,LOC_Os04g05010.1,0.03,-1.66
LOC_Os11g40530,LOC_Os11g40530.1,0,-1.65
LOC_Os09g08280,LOC_Os09g08280.1,0,-1.6
LOC_Os06g07160,LOC_Os06g07160.1,0.01,-1.54
LOC_Os03g53670,LOC_Os03g53670.1,0.01,-1.51
LOC_Os05g39250,LOC_Os05g39250.1,0.01,-1.5
LOC_Os11g37270,LOC_Os11g37270.1,0.04,-1.5
LOC_Os01g69080,LOC_Os01g69080.1,0.01,-1.43
LOC_Os03g04169,LOC_Os03g04169.1,0.02,-1.39
LOC_Os03g01190,LOC_Os03g01190.1,0.02,-1.38
LOC_Os03g57960,LOC_Os03g57960.1,0,-1.35
LOC_Os12g16410,LOC_Os12g16410.1,0.04,-1.35
LOC_Os12g41500,LOC_Os12g41500.1,0.02,-1.32
LOC_Os02g51710,LOC_Os02g51710.1,0.01,-1.32
LOC_Os06g23350,LOC_Os06g23350.1,0.01,-1.31
LOC_Os10g09850,LOC_Os10g09850.1,0,-1.29
LOC_Os10g36180,LOC_Os10g36180.1,0.01,-1.26
LOC_Os06g11180,LOC_Os06g11180.1,0.05,-1.24
LOC_Os02g29400,LOC_Os02g29400.1,0.01,-1.23
LOC_Os06g39712,LOC_Os06g39712.1,0.04,-1.22
LOC_Os03g49350,LOC_Os03g49350.1,0.02,-1.17
LOC_Os08g05830,LOC_Os08g05830.1,0.01,-1.16
LOC_Os04g56620,LOC_Os04g56620.1,0.05,-1.16
LOC_Os03g11910,LOC_Os03g11910.1,0.04,-1.16
LOC_Os03g45320,LOC_Os03g45320.1,0.03,-1.14
LOC_Os03g62590,LOC_Os03g62590.1,0,-1.12
LOC_Os11g02400,LOC_Os11g02400.1,0,-1.11
LOC_Os02g48660,LOC_Os02g48660.1,0.05,-1.1
LOC_Os01g16870,LOC_Os01g16870.1,0.01,-1.09
LOC_Os04g35490,LOC_Os04g35490.1,0.01,-1.09
LOC_Os03g02260,LOC_Os03g02260.1,0.03,-1.08
LOC_Os04g27860,LOC_Os04g27860.1,0.01,-1.08
LOC_Os12g41390,LOC_Os12g41390.1,0.01,-1.07
LOC_Os02g52290,LOC_Os02g52290.1,0.01,-1.07
LOC_Os04g01740,LOC_Os04g01740.1,0.03,-1.07
LOC_Os03g07800,LOC_Os03g07800.1,0.02,-1.05
LOC_Os08g06550,LOC_Os08g06550.1,0.02,-1.04
LOC_Os09g27420,LOC_Os09g27420.1,0.03,-1.04
LOC_Os06g08280,LOC_Os06g08280.1,0.03,-1.04
LOC_Os05g44340,LOC_Os05g44340.1,0.05,-1.02
LOC_Os03g59710,LOC_Os03g59710.1,0.02,-0.99
LOC_Os02g30310,LOC_Os02g30310.1,0.01,-0.99
LOC_Os03g46100,LOC_Os03g46100.1,0.01,-0.98
LOC_Os02g10310,LOC_Os02g10310.2,0.01,-0.98
LOC_Os10g19880,LOC_Os10g19880.1,0.02,-0.98
LOC_Os02g13990,LOC_Os02g13990.1,0.03,-0.98
LOC_Os08g03290,LOC_Os08g03290.1,0.04,-0.96
LOC_Os05g42230,LOC_Os05g42230.1,0.04,-0.94
LOC_Os10g28020,LOC_Os10g28020.3,0.04,-0.94
LOC_Os05g48510,LOC_Os05g48510.1,0.02,-0.93
LOC_Os08g36900,LOC_Os08g36900.1,0.01,-0.93
LOC_Os11g03780,LOC_Os11g03780.1,0.02,-0.93
LOC_Os12g33020,LOC_Os12g33020.1,0.02,-0.9
LOC_Os01g54030,LOC_Os01g54030.1,0.02,-0.88
LOC_Os02g11050,LOC_Os02g11050.1,0.04,-0.88
LOC_Os12g43630,LOC_Os12g43630.1,0.05,-0.88
LOC_Os01g02880,LOC_Os01g02880.1,0.03,-0.85
LOC_Os11g06880,LOC_Os11g06880.1,0.01,-0.84
LOC_Os04g36859,LOC_Os04g36859.1,0.01,-0.82
LOC_Os05g19970,LOC_Os05g19970.1,0.01,-0.8
LOC_Os02g10070,LOC_Os02g10070.1,0.05,-0.8
LOC_Os02g51620,LOC_Os02g51620.1,0.04,-0.8
LOC_Os11g24510,LOC_Os11g24510.1,0,-0.79
LOC_Os06g14740,LOC_Os06g14740.1,0.04,-0.79
LOC_Os01g02720,LOC_Os01g02720.1,0.01,-0.78
LOC_Os05g11550,LOC_Os05g11550.1,0.03,-0.78
LOC_Os06g06560,LOC_Os06g06560.1,0.03,-0.76
LOC_Os03g46770,LOC_Os03g46770.1,0,-0.73
LOC_Os01g05470,LOC_Os01g05470.1,0.05,-0.72
LOC_Os07g38270,LOC_Os07g38270.1,0.05,-0.72
LOC_Os05g48340,LOC_Os05g48340.1,0.02,-0.67
LOC_Os05g25310,LOC_Os05g25310.1,0.05,-0.6
LOC_Os02g15250,LOC_Os02g15250.1,0.04,-0.59
LOC_Os03g03770,LOC_Os03g03770.1,0.05,-0.58
LOC_Os08g06200,LOC_Os08g06200.1,0.03,-0.5
LOC_Os07g36600,LOC_Os07g36600.1,0.02,-0.47
LOC_Os06g07220,LOC_Os06g07220.1,0.03,-0.33
LOC_Os03g09210,LOC_Os03g09210.1,0.02,-0.3
LOC_Os04g56646,LOC_Os04g56646.1,0.04,-0.28
LOC_Os01g16910,LOC_Os01g16910.1,0.01,-0.26
LOC_Os05g24601,LOC_Os05g24601.1,0.02,0.39
LOC_Os10g34670,LOC_Os10g34670.1,0,0.4
LOC_Os02g13840,LOC_Os02g13840.1,0.02,0.4
LOC_Os06g23440,LOC_Os06g23440.1,0.03,0.44
LOC_Os07g36465,LOC_Os07g36465.1,0.04,0.44
LOC_Os05g06350,LOC_Os05g06350.1,0.03,0.47
LOC_Os01g09510,LOC_Os01g09510.1,0.05,0.47
LOC_Os05g48290,LOC_Os05g48290.3,0.01,0.48
LOC_Os09g08910,LOC_Os09g08910.1,0.03,0.48
LOC_Os03g04710,LOC_Os03g04710.1,0.05,0.48
LOC_Os06g19640,LOC_Os06g19640.1,0,0.5
LOC_Os01g53930,LOC_Os01g53930.1,0.02,0.57
LOC_Os05g48320,LOC_Os05g48320.1,0.02,0.57
LOC_Os01g49190,LOC_Os01g49190.1,0.04,0.58
LOC_Os10g25130,LOC_Os10g25130.1,0.04,0.59
LOC_Os06g46000,LOC_Os06g46000.1,0.04,0.62
LOC_Os01g18210,LOC_Os01g18210.1,0.03,0.67
LOC_Os10g08550,LOC_Os10g08550.1,0.01,0.67
LOC_Os11g43900,LOC_Os11g43900.1,0.01,0.68
LOC_Os02g13530,LOC_Os02g13530.1,0.01,0.7
LOC_Os01g60360,LOC_Os01g60360.1,0.05,0.72
LOC_Os11g05370,LOC_Os11g05370.1,0.03,0.74
LOC_Os01g59790,LOC_Os01g59790.1,0.05,0.75
LOC_Os03g50510,LOC_Os03g50510.1,0,0.76
LOC_Os04g58110,LOC_Os04g58110.1,0.02,0.79
LOC_Os03g01530,LOC_Os03g01530.1,0.01,0.81
LOC_Os03g52860,LOC_Os03g52860.1,0.01,0.83
LOC_Os04g09390,LOC_Os04g09390.1,0.02,0.83
LOC_Os01g60190,LOC_Os01g60190.1,0.01,0.84
LOC_Os04g40400,LOC_Os04g40400.1,0.04,0.85
LOC_Os06g37180,LOC_Os06g37180.1,0.02,0.86
LOC_Os02g07160,LOC_Os02g07160.1,0.05,0.87
LOC_Os09g29630,LOC_Os09g29630.1,0.04,0.91
LOC_Os02g55140,LOC_Os02g55140.1,0.01,0.92
LOC_Os03g15900,LOC_Os03g15900.2,0.04,0.92
LOC_Os10g42940,LOC_Os10g42940.1,0.01,0.98
LOC_Os07g38970,LOC_Os07g38970.1,0.04,0.99
LOC_Os08g25720,LOC_Os08g25720.1,0,0.99
LOC_Os02g40890,LOC_Os02g40890.1,0.03,0.99
LOC_Os06g13810,LOC_Os06g13810.1,0.03,1
LOC_Os09g33500,LOC_Os09g33500.1,0.03,1.01
LOC_Os03g05980,LOC_Os03g05980.1,0.04,1.01
LOC_Os02g01520,LOC_Os02g01520.1,0.04,1.03
LOC_Os02g37590,LOC_Os02g37590.1,0.04,1.03
LOC_Os10g33230,LOC_Os10g33230.1,0,1.04
LOC_Os05g51530,LOC_Os05g51530.1,0.05,1.04
LOC_Os07g42450,LOC_Os07g42450.1,0.01,1.05
LOC_Os01g18050,LOC_Os01g18050.1,0.01,1.08
LOC_Os03g01900,LOC_Os03g01900.1,0.04,1.08
LOC_Os03g58840,LOC_Os03g58840.1,0.04,1.09
LOC_Os04g55060,LOC_Os04g55060.1,0.04,1.09
LOC_Os03g55280,LOC_Os03g55280.1,0,1.11
LOC_Os07g40320,LOC_Os07g40320.1,0.02,1.13
LOC_Os01g42520,LOC_Os01g42520.1,0.01,1.14
LOC_Os03g53860,LOC_Os03g53860.1,0.02,1.17
LOC_Os08g34720,LOC_Os08g34720.1,0.04,1.17
LOC_Os01g37800,LOC_Os01g37800.1,0,1.17
LOC_Os05g33380,LOC_Os05g33380.1,0.02,1.18
LOC_Os12g41715,LOC_Os12g41715.1,0.02,1.18
LOC_Os01g55690,LOC_Os01g55690.1,0.05,1.21
LOC_Os08g12820,LOC_Os08g12820.1,0,1.23
LOC_Os01g65790,LOC_Os01g65790.1,0.04,1.25
LOC_Os01g51170,LOC_Os01g51170.1,0,1.28
LOC_Os01g08450,LOC_Os01g08450.1,0.03,1.28
LOC_Os01g24710,LOC_Os01g24710.1,0.02,1.31
LOC_Os03g28160,LOC_Os03g28160.1,0.02,1.32
LOC_Os05g22970,LOC_Os05g22970.1,0.04,1.34
LOC_Os06g05660,LOC_Os06g05660.3,0.02,1.35
LOC_Os07g11630,LOC_Os07g11630.1,0.02,1.35
LOC_Os05g07890,LOC_Os05g07890.1,0,1.37
LOC_Os06g43660,LOC_Os06g43660.1,0.05,1.37
LOC_Os03g50480,LOC_Os03g50480.2,0.02,1.37
LOC_Os02g24330,LOC_Os02g24330.1,0.01,1.38
LOC_Os03g51600,LOC_Os03g51600.1,0,1.4
LOC_Os05g33400,LOC_Os05g33400.1,0,1.43
LOC_Os02g55890,LOC_Os02g55890.1,0.05,1.44
LOC_Os02g50830,LOC_Os02g50830.1,0.03,1.46
LOC_Os06g01390,LOC_Os06g01390.1,0.03,1.49
LOC_Os04g40730,LOC_Os04g40730.1,0,1.56
LOC_Os01g73790,LOC_Os01g73790.1,0,1.6
LOC_Os03g02390,LOC_Os03g02390.1,0.01,1.71
LOC_Os04g35520,LOC_Os04g35520.1,0.05,1.72
LOC_Os02g57540,LOC_Os02g57540.1,0.01,1.73
LOC_Os04g56160,LOC_Os04g56160.1,0.04,1.76
LOC_Os03g63430,LOC_Os03g63430.1,0.02,1.79
LOC_Os08g33710,LOC_Os08g33710.1,0.04,1.8
LOC_Os09g38550,LOC_Os09g38550.1,0.04,1.8
LOC_Os07g01020,LOC_Os07g01020.1,0.04,1.82
LOC_Os01g59150,LOC_Os01g59150.1,0.04,1.83
LOC_Os01g24690,LOC_Os01g24690.1,0.02,1.83
LOC_Os05g35580,LOC_Os05g35580.1,0,1.86
LOC_Os05g02820,LOC_Os05g02820.1,0.02,1.86
LOC_Os04g52130,LOC_Os04g52130.1,0,1.86
LOC_Os02g57640,LOC_Os02g57640.1,0.04,1.87
LOC_Os04g24140,LOC_Os04g24140.1,0.01,1.89
LOC_Os02g32814,LOC_Os02g32814.1,0.01,1.93
LOC_Os07g11310,LOC_Os07g11310.1,0.01,1.94
LOC_Os03g53650,LOC_Os03g53650.2,0.02,1.96
LOC_Os10g41930,LOC_Os10g41930.1,0.01,1.96
LOC_Os12g36880,LOC_Os12g36880.1,0.04,1.98
LOC_Os01g67980,LOC_Os01g67980.1,0.01,2
LOC_Os03g06240,LOC_Os03g06240.1,0.01,2
LOC_Os01g11240,LOC_Os01g11240.1,0.01,2.01
LOC_Os03g10120,LOC_Os03g10120.2,0,2.11
LOC_Os05g29990,LOC_Os05g29990.1,0,2.32
LOC_Os01g58890,LOC_Os01g58890.1,0,2.32
LOC_Os01g16960,LOC_Os01g16960.1,0.01,2.36
LOC_Os05g41480,LOC_Os05g41480.1,0.05,2.39
LOC_Os05g43830,LOC_Os05g43830.2,0.03,2.43
LOC_Os02g50620,LOC_Os02g50620.1,0,2.47
LOC_Os03g55070,LOC_Os03g55070.1,0.01,2.58
LOC_Os07g42490,LOC_Os07g42490.1,0.01,2.87
LOC_Os03g16980,LOC_Os03g16980.1,0,2.92
LOC_Os07g42950,LOC_Os07g42950.1,0.03,3.05
LOC_Os07g10570,LOC_Os07g10570.1,0,3.18
LOC_Os04g52164,LOC_Os04g52164.1,0.02,3.23
LOC_Os07g44550,LOC_Os07g44550.1,0.01,3.32
LOC_Os08g02120,LOC_Os08g02120.1,0.03,3.37
LOC_Os02g41630,LOC_Os02g41630.2,0,3.37
LOC_Os02g49720,LOC_Os02g49720.2,0,3.55
LOC_Os10g23100,LOC_Os10g23100.1,0.03,3.79
LOC_Os08g38900,LOC_Os08g38900.1,0.04,3.84
LOC_Os02g53790,LOC_Os02g53790.1,0.03,3.99
LOC_Os12g36830,LOC_Os12g36830.1,0.05,4
LOC_Os01g41610,LOC_Os01g41610.1,0.04,4.18
LOC_Os04g55650,LOC_Os04g55650.1,0.02,5.53
LOC_Os10g38950,LOC_Os10g38950.1,0.05,0.55
LOC_Os04g56070,LOC_Os04g56070.1,0.05,0.61
LOC_Os11g26780,LOC_Os11g26780.1,0.05,-0.82
LOC_Os06g43840,LOC_Os06g43840.1,0.05,1.11
LOC_Os03g50090,LOC_Os03g50090.1,0.05,-0.87
LOC_Os02g21250,LOC_Os02g21250.1,0.05,0.6
LOC_Os04g57590,LOC_Os04g57590.1,0.05,-1.13
LOC_Os01g70950,LOC_Os01g70950.1,0.05,-1.15
LOC_Os03g09020,LOC_Os03g09020.1,0.05,-0.94
LOC_Os05g11910,LOC_Os05g11910.1,0.05,1.59
LOC_Os05g35320,LOC_Os05g35320.1,0.05,-0.91
LOC_Os04g42600,LOC_Os04g42600.1,0.05,-0.78
LOC_Os01g16090,LOC_Os01g16090.1,0.05,-0.59
LOC_Os03g27280,LOC_Os03g27280.1,0.05,-0.81
LOC_Os03g59060,LOC_Os03g59060.1,0.05,0.8
LOC_Os12g18880,LOC_Os12g18880.1,0.05,1.08
LOC_Os12g41190,LOC_Os12g41190.1,0.05,1.3
LOC_Os03g19250,LOC_Os03g19250.1,0.05,1.89
LOC_Os05g27940,LOC_Os05g27940.1,0.05,-0.73
LOC_Os01g23740,LOC_Os01g23740.1,0.05,0.85
LOC_Os01g66940,LOC_Os01g66940.1,0.05,1.12
LOC_Os06g11190,LOC_Os06g11190.1,0.05,-0.59
LOC_Os04g58280,LOC_Os04g58280.2,0.05,-1.38
LOC_Os01g61380,LOC_Os01g61380.1,0.05,0.79
LOC_Os08g34150,LOC_Os08g34150.1,0.05,2.4
LOC_Os05g39690,LOC_Os05g39690.1,0.06,-1.25
LOC_Os11g34190,LOC_Os11g34190.1,0.06,-0.88
LOC_Os09g37020,LOC_Os09g37020.1,0.06,-1
LOC_Os04g48410,LOC_Os04g48410.1,0.06,0.81
LOC_Os04g12980,LOC_Os04g12980.1,0.06,-0.91
LOC_Os07g26610,LOC_Os07g26610.2,0.06,-0.3
LOC_Os10g37230,LOC_Os10g37230.1,0.06,3.03
LOC_Os01g66720,LOC_Os01g66720.1,0.06,-0.79
LOC_Os08g44290,LOC_Os08g44290.1,0.06,0.7
LOC_Os03g28330,LOC_Os03g28330.1,0.06,4.58
LOC_Os01g05010,LOC_Os01g05010.1,0.06,1.23
LOC_Os07g48960,LOC_Os07g48960.1,0.06,1.19
LOC_Os02g57180,LOC_Os02g57180.1,0.06,-0.39
LOC_Os03g56800,LOC_Os03g56800.1,0.06,-0.61
LOC_Os07g10580,LOC_Os07g10580.1,0.06,1.89
LOC_Os03g58130,LOC_Os03g58130.1,0.06,1.39
LOC_Os12g29400,LOC_Os12g29400.1,0.06,-0.62
LOC_Os07g31270,LOC_Os07g31270.1,0.06,-0.44
LOC_Os09g33810,LOC_Os09g33810.1,0.06,1.64
LOC_Os03g06220,LOC_Os03g06220.1,0.06,-0.57
LOC_Os11g09280,LOC_Os11g09280.1,0.06,-0.36
LOC_Os03g21810,LOC_Os03g21810.1,0.06,1.27
LOC_Os12g34018,LOC_Os12g34018.1,0.06,-0.57
LOC_Os12g43600,LOC_Os12g43600.1,0.06,1.15
LOC_Os01g66500,LOC_Os01g66500.1,0.06,-0.69
LOC_Os12g03880,LOC_Os12g03880.1,0.06,-0.66
LOC_Os02g52150,LOC_Os02g52150.1,0.06,0.95
LOC_Os10g06720,LOC_Os10g06720.1,0.07,-0.58
LOC_Os10g28200,LOC_Os10g28200.1,0.07,0.77
LOC_Os01g43090,LOC_Os01g43090.1,0.07,-0.54
LOC_Os05g03480,LOC_Os05g03480.2,0.07,0.73
LOC_Os01g18170,LOC_Os01g18170.1,0.07,1.37
LOC_Os03g22740,LOC_Os03g22740.1,0.07,0.92
LOC_Os08g43560,LOC_Os08g43560.1,0.07,1.37
LOC_Os12g36180,LOC_Os12g36180.1,0.07,1.2
LOC_Os02g07760,LOC_Os02g07760.1,0.07,-0.75
LOC_Os04g19740,LOC_Os04g19740.1,0.07,-0.95
LOC_Os12g07260,LOC_Os12g07260.1,0.07,-0.79
LOC_Os06g51250,LOC_Os06g51250.1,0.07,1.09
LOC_Os05g48620,LOC_Os05g48620.1,0.07,2.23
LOC_Os12g38110,LOC_Os12g38110.1,0.07,0.8
LOC_Os02g36600,LOC_Os02g36600.1,0.07,-0.38
LOC_Os02g15150,LOC_Os02g15150.1,0.07,0.88
LOC_Os02g04040,LOC_Os02g04040.1,0.07,-0.78
LOC_Os12g37650,LOC_Os12g37650.1,0.07,4.21
LOC_Os03g62420,LOC_Os03g62420.1,0.07,1.56
LOC_Os07g44740,LOC_Os07g44740.1,0.07,-0.74
LOC_Os02g42230,LOC_Os02g42230.1,0.07,-1.22
LOC_Os02g32860,LOC_Os02g32860.1,0.07,-0.89
LOC_Os03g56460,LOC_Os03g56460.1,0.07,-0.82
LOC_Os03g06200,LOC_Os03g06200.1,0.07,1.31
LOC_Os06g04510,LOC_Os06g04510.2,0.07,-0.51
LOC_Os01g32660,LOC_Os01g32660.1,0.07,0.79
LOC_Os03g16690,LOC_Os03g16690.1,0.07,0.7
LOC_Os03g03830,LOC_Os03g03830.1,0.07,0.75
LOC_Os03g17470,LOC_Os03g17470.1,0.07,1.17
LOC_Os07g29760,LOC_Os07g29760.1,0.07,-2.47
LOC_Os01g06660,LOC_Os01g06660.1,0.07,-0.89
LOC_Os04g58640,LOC_Os04g58640.1,0.07,-0.71
LOC_Os05g46560,LOC_Os05g46560.1,0.07,0.75
LOC_Os03g55150,LOC_Os03g55150.1,0.07,0.31
LOC_Os05g42350,LOC_Os05g42350.1,0.07,0.36
LOC_Os03g63860,LOC_Os03g63860.1,0.08,0.94
LOC_Os08g40830,LOC_Os08g40830.1,0.08,-1.12
LOC_Os04g38870,LOC_Os04g38870.1,0.08,1.71
LOC_Os08g36320,LOC_Os08g36320.2,0.08,-0.76
LOC_Os02g03470,LOC_Os02g03470.1,0.08,-1.18
LOC_Os01g48960,LOC_Os01g48960.1,0.08,0.76
LOC_Os07g36420,LOC_Os07g36420.1,0.08,-1.24
LOC_Os03g51250,LOC_Os03g51250.1,0.08,0.85
LOC_Os10g17489,LOC_Os10g17489.1,0.08,1.18
LOC_Os10g22070,LOC_Os10g22070.1,0.08,2.71
LOC_Os01g08860,LOC_Os01g08860.1,0.08,0.61
LOC_Os02g04660,LOC_Os02g04660.1,0.08,-0.36
LOC_Os02g13130,LOC_Os02g13130.1,0.08,-0.92
LOC_Os01g38620,LOC_Os01g38620.1,0.08,-0.43
LOC_Os02g58490,LOC_Os02g58490.1,0.08,-0.83
LOC_Os08g33460,LOC_Os08g33460.1,0.08,-0.59
LOC_Os02g43010,LOC_Os02g43010.1,0.08,-0.92
LOC_Os06g51410,LOC_Os06g51410.1,0.08,-1.05
LOC_Os06g27800,LOC_Os06g27800.1,0.08,-0.65
LOC_Os01g62244,LOC_Os01g62244.1,0.08,1.43
LOC_Os01g23610,LOC_Os01g23610.1,0.08,-0.74
LOC_Os03g18850,LOC_Os03g18850.1,0.08,1.1
LOC_Os05g01820,LOC_Os05g01820.1,0.08,1.3
LOC_Os05g51830,LOC_Os05g51830.1,0.08,1.45
LOC_Os11g26790,LOC_Os11g26790.1,0.08,-1.64
LOC_Os01g15600,LOC_Os01g15600.1,0.08,-0.33
LOC_Os01g45274,LOC_Os01g45274.1,0.08,1.17
LOC_Os12g31800,LOC_Os12g31800.1,0.08,0.75
LOC_Os11g08100,LOC_Os11g08100.1,0.08,-0.94
LOC_Os12g37960,LOC_Os12g37960.1,0.08,1.07
LOC_Os01g60740,LOC_Os01g60740.1,0.08,-0.67
LOC_Os04g57810,LOC_Os04g57810.1,0.08,1.21
LOC_Os08g43640,LOC_Os08g43640.1,0.08,1.34
LOC_Os08g23810,LOC_Os08g23810.1,0.09,-1.42
LOC_Os01g50910,LOC_Os01g50910.1,0.09,-1.67
LOC_Os09g14670,LOC_Os09g14670.1,0.09,-0.87
LOC_Os06g11320,LOC_Os06g11320.1,0.09,1.55
LOC_Os02g15169,LOC_Os02g15169.1,0.09,0.92
LOC_Os12g42090,LOC_Os12g42090.2,0.09,-0.92
LOC_Os03g59380,LOC_Os03g59380.1,0.09,-1
LOC_Os01g72430,LOC_Os01g72430.1,0.09,-1.21
LOC_Os04g06770,LOC_Os04g06770.1,0.09,-0.76
LOC_Os03g07840,LOC_Os03g07840.1,0.09,0.73
LOC_Os03g59290,LOC_Os03g59290.1,0.09,-0.52
LOC_Os06g09450,LOC_Os06g09450.1,0.09,5.43
LOC_Os01g65380,LOC_Os01g65380.1,0.09,1.97
LOC_Os07g02210,LOC_Os07g02210.1,0.09,0.48
LOC_Os08g04460,LOC_Os08g04460.1,0.09,1
LOC_Os12g02310,LOC_Os12g02310.1,0.09,-1.56
LOC_Os07g04240,LOC_Os07g04240.1,0.09,-0.63
LOC_Os03g02050,LOC_Os03g02050.1,0.09,-0.8
LOC_Os11g24610,LOC_Os11g24610.1,0.09,-0.69
LOC_Os02g39350,LOC_Os02g39350.1,0.09,-0.3
LOC_Os03g61990,LOC_Os03g61990.1,0.1,0.67
LOC_Os05g36000,LOC_Os05g36000.1,0.1,-0.86
LOC_Os04g42000,LOC_Os04g42000.1,0.1,-0.64
LOC_Os11g05562,LOC_Os11g05562.1,0.1,1.04
LOC_Os02g52880,LOC_Os02g52880.1,0.1,-0.62
LOC_Os04g32470,LOC_Os04g32470.1,0.1,-0.6
LOC_Os04g59150,LOC_Os04g59150.1,0.1,1.73
LOC_Os04g40660,LOC_Os04g40660.1,0.1,-0.47
LOC_Os04g53230,LOC_Os04g53230.1,0.1,-0.96
LOC_Os01g04730,LOC_Os01g04730.1,0.1,0.69
LOC_Os05g44760,LOC_Os05g44760.1,0.1,0.61
LOC_Os03g21950,LOC_Os03g21950.1,0.1,1.07
LOC_Os01g54870,LOC_Os01g54870.1,0.1,-0.57
LOC_Os05g38150,LOC_Os05g38150.1,0.1,-0.94
LOC_Os08g23870,LOC_Os08g23870.1,0.1,-1.57
LOC_Os12g14930,LOC_Os12g14930.1,0.1,0.49
LOC_Os04g59260,LOC_Os04g59260.1,0.1,1.26
LOC_Os03g16800,LOC_Os03g16800.1,0.1,1.52
LOC_Os01g14950,LOC_Os01g14950.1,0.1,0.88
LOC_Os03g21490,LOC_Os03g21490.1,0.1,1.49
LOC_Os07g11510,LOC_Os07g11510.1,0.1,0.77
LOC_Os07g31300,LOC_Os07g31300.1,0.1,0.94
LOC_Os01g61920,LOC_Os01g61920.1,0.11,0.85
LOC_Os12g05110,LOC_Os12g05110.1,0.11,0.76
LOC_Os02g02020,LOC_Os02g02020.1,0.11,-0.82
LOC_Os01g58750,LOC_Os01g58750.1,0.11,-0.23
LOC_Os03g08810,LOC_Os03g08810.1,0.11,1.35
LOC_Os05g47470,LOC_Os05g47470.1,0.11,0.89
LOC_Os10g34370,LOC_Os10g34370.1,0.11,-0.54
LOC_Os07g39620,LOC_Os07g39620.1,0.11,0.7
LOC_Os02g52040,LOC_Os02g52040.1,0.11,0.85
LOC_Os07g49520,LOC_Os07g49520.1,0.11,-0.74
LOC_Os07g34640,LOC_Os07g34640.1,0.11,0.66
LOC_Os06g40600,LOC_Os06g40600.1,0.11,-0.78
LOC_Os01g34480,LOC_Os01g34480.1,0.11,0.84
LOC_Os03g50290,LOC_Os03g50290.1,0.11,0.98
LOC_Os04g32020,LOC_Os04g32020.1,0.11,-0.71
LOC_Os01g32080,LOC_Os01g32080.1,0.11,-0.77
LOC_Os09g02284,LOC_Os09g02284.1,0.11,-0.69
LOC_Os02g47940,LOC_Os02g47940.1,0.11,-0.61
LOC_Os05g46430,LOC_Os05g46430.1,0.11,3.09
LOC_Os05g34170,LOC_Os05g34170.2,0.11,0.32
LOC_Os01g38970,LOC_Os01g38970.1,0.11,0.51
LOC_Os03g04960,LOC_Os03g04960.1,0.11,0.33
LOC_Os02g38920,LOC_Os02g38920.1,0.12,-0.33
LOC_Os06g46340,LOC_Os06g46340.1,0.12,3.2
LOC_Os03g50040,LOC_Os03g50040.1,0.12,1.31
LOC_Os04g40080,LOC_Os04g40080.1,0.12,-0.68
LOC_Os04g02820,LOC_Os04g02820.1,0.12,-0.71
LOC_Os05g49050,LOC_Os05g49050.1,0.12,-0.78
LOC_Os01g13190,LOC_Os01g13190.1,0.12,1.43
LOC_Os05g46230,LOC_Os05g46230.1,0.12,0.69
LOC_Os06g21980,LOC_Os06g21980.1,0.12,0.59
LOC_Os05g50480,LOC_Os05g50480.1,0.12,1.17
LOC_Os02g55440,LOC_Os02g55440.1,0.12,1.62
LOC_Os01g47660,LOC_Os01g47660.1,0.12,-0.88
LOC_Os05g08970,LOC_Os05g08970.1,0.12,-0.58
LOC_Os05g35710,LOC_Os05g35710.1,0.12,0.55
LOC_Os04g55720,LOC_Os04g55720.1,0.12,0.97
LOC_Os02g14770,LOC_Os02g14770.1,0.12,-0.64
LOC_Os05g06460,LOC_Os05g06460.1,0.12,-0.86
LOC_Os11g32260,LOC_Os11g32260.1,0.12,-0.55
LOC_Os08g30790,LOC_Os08g30790.1,0.12,-0.71
LOC_Os10g30580,LOC_Os10g30580.2,0.12,-0.3
LOC_Os11g05110,LOC_Os11g05110.1,0.12,0.63
LOC_Os03g59020,LOC_Os03g59020.1,0.12,-0.43
LOC_Os05g05950,LOC_Os05g05950.1,0.12,-0.65
LOC_Os07g40580,LOC_Os07g40580.1,0.12,0.5
LOC_Os02g02870,LOC_Os02g02870.1,0.12,0.96
LOC_Os04g46620,LOC_Os04g46620.1,0.12,-0.27
LOC_Os04g40850,LOC_Os04g40850.1,0.12,0.73
LOC_Os03g56790,LOC_Os03g56790.1,0.12,0.74
LOC_Os01g09460,LOC_Os01g09460.1,0.12,1.08
LOC_Os10g26060,LOC_Os10g26060.1,0.12,1.06
LOC_Os01g71540,LOC_Os01g71540.2,0.13,-0.78
LOC_Os07g31540,LOC_Os07g31540.1,0.13,0.88
LOC_Os06g04280,LOC_Os06g04280.1,0.13,0.87
LOC_Os09g29404,LOC_Os09g29404.1,0.13,-0.7
LOC_Os02g44520,LOC_Os02g44520.1,0.13,-0.49
LOC_Os03g16440,LOC_Os03g16440.1,0.13,-0.51
LOC_Os05g45660,LOC_Os05g45660.2,0.13,1.2
LOC_Os04g20230,LOC_Os04g20230.1,0.13,1
LOC_Os01g03510,LOC_Os01g03510.1,0.13,-0.65
LOC_Os08g42040,LOC_Os08g42040.1,0.13,1.51
LOC_Os02g47590,LOC_Os02g47590.1,0.13,-0.95
LOC_Os12g37590,LOC_Os12g37590.1,0.13,0.8
LOC_Os05g49800,LOC_Os05g49800.1,0.13,0.46
LOC_Os11g05170,LOC_Os11g05170.1,0.13,-1.26
LOC_Os09g24260,LOC_Os09g24260.1,0.13,0.81
LOC_Os12g08170,LOC_Os12g08170.1,0.13,-0.75
LOC_Os10g31810,LOC_Os10g31810.1,0.13,1.16
LOC_Os05g06280,LOC_Os05g06280.1,0.13,0.81
LOC_Os06g36700,LOC_Os06g36700.1,0.13,-0.67
LOC_Os02g16820,LOC_Os02g16820.1,0.13,1.13
LOC_Os12g41250,LOC_Os12g41250.1,0.14,-0.75
LOC_Os02g58340,LOC_Os02g58340.1,0.14,-0.42
LOC_Os03g20680,LOC_Os03g20680.1,0.14,-0.66
LOC_Os03g22120,LOC_Os03g22120.1,0.14,-0.81
LOC_Os08g15040,LOC_Os08g15040.1,0.14,0.35
LOC_Os05g48810,LOC_Os05g48810.1,0.14,-1.31
LOC_Os07g11360,LOC_Os07g11360.1,0.14,1.07
LOC_Os10g21268,LOC_Os10g21268.1,0.14,-0.62
LOC_Os03g27290,LOC_Os03g27290.1,0.14,0.63
LOC_Os11g04670,LOC_Os11g04670.1,0.14,-0.73
LOC_Os03g27010,LOC_Os03g27010.1,0.14,0.86
LOC_Os02g39930,LOC_Os02g39930.1,0.14,2.23
LOC_Os08g29160,LOC_Os08g29160.1,0.14,-0.57
LOC_Os04g39420,LOC_Os04g39420.1,0.14,-0.53
LOC_Os05g28510,LOC_Os05g28510.1,0.14,0.92
LOC_Os02g09150,LOC_Os02g09150.1,0.14,0.8
LOC_Os05g28210,LOC_Os05g28210.1,0.14,-1.28
LOC_Os01g21940,LOC_Os01g21940.1,0.14,0.83
LOC_Os09g37000,LOC_Os09g37000.1,0.14,1
LOC_Os02g05310,LOC_Os02g05310.1,0.15,-0.42
LOC_Os01g60790,LOC_Os01g60790.1,0.15,-0.8
LOC_Os06g35520,LOC_Os06g35520.1,0.15,4.85
LOC_Os01g16900,LOC_Os01g16900.1,0.15,-0.57
LOC_Os11g01300,LOC_Os11g01300.1,0.15,1.31
LOC_Os10g31950,LOC_Os10g31950.1,0.15,0.89
LOC_Os01g16110,LOC_Os01g16110.1,0.15,0.85
LOC_Os05g41510,LOC_Os05g41510.1,0.15,-0.6
LOC_Os11g26910,LOC_Os11g26910.1,0.15,1.06
LOC_Os09g36800,LOC_Os09g36800.1,0.15,0.22
LOC_Os02g57760,LOC_Os02g57760.1,0.15,-0.86
LOC_Os03g21720,LOC_Os03g21720.1,0.15,-0.82
LOC_Os04g51630,LOC_Os04g51630.1,0.15,0.73
LOC_Os01g23620,LOC_Os01g23620.1,0.15,0.59
LOC_Os03g13800,LOC_Os03g13800.1,0.15,1.14
LOC_Os07g46170,LOC_Os07g46170.1,0.15,1.89
LOC_Os03g01910,LOC_Os03g01910.1,0.15,0.59
LOC_Os08g43060,LOC_Os08g43060.1,0.15,0.84
LOC_Os02g54470,LOC_Os02g54470.1,0.15,0.62
LOC_Os03g44660,LOC_Os03g44660.1,0.15,-0.26
LOC_Os03g48260,LOC_Os03g48260.1,0.15,0.67
LOC_Os05g38950,LOC_Os05g38950.1,0.15,-0.57
LOC_Os03g44620,LOC_Os03g44620.2,0.15,1.86
LOC_Os04g46960,LOC_Os04g46960.2,0.16,0.56
LOC_Os02g52250,LOC_Os02g52250.1,0.16,-0.4
LOC_Os02g30180,LOC_Os02g30180.1,0.16,0.26
LOC_Os03g27260,LOC_Os03g27260.1,0.16,1.27
LOC_Os02g04670,LOC_Os02g04670.1,0.16,0.48
LOC_Os05g48750,LOC_Os05g48750.1,0.16,-0.51
LOC_Os08g01930,LOC_Os08g01930.1,0.16,-0.6
LOC_Os12g08280,LOC_Os12g08280.1,0.16,-0.7
LOC_Os05g33130,LOC_Os05g33130.1,0.16,-0.96
LOC_Os04g42930,LOC_Os04g42930.1,0.16,-0.47
LOC_Os07g11650,LOC_Os07g11650.1,0.16,0.63
LOC_Os10g42230,LOC_Os10g42230.1,0.16,-0.45
LOC_Os11g32240,LOC_Os11g32240.1,0.16,1.36
LOC_Os10g11140,LOC_Os10g11140.1,0.16,-0.66
LOC_Os08g08960,LOC_Os08g08960.1,0.16,-0.44
LOC_Os01g62420,LOC_Os01g62420.1,0.16,0.76
LOC_Os07g07410,LOC_Os07g07410.1,0.16,-0.55
LOC_Os01g16290,LOC_Os01g16290.1,0.16,-0.46
LOC_Os05g51500,LOC_Os05g51500.1,0.17,1.06
LOC_Os02g46130,LOC_Os02g46130.1,0.17,-0.77
LOC_Os06g05880,LOC_Os06g05880.1,0.17,0.42
LOC_Os09g26380,LOC_Os09g26380.1,0.17,-0.67
LOC_Os11g09329,LOC_Os11g09329.1,0.17,0.98
LOC_Os06g09688,LOC_Os06g09688.1,0.17,0.84
LOC_Os02g03730,LOC_Os02g03730.1,0.17,-0.52
LOC_Os03g62110,LOC_Os03g62110.2,0.17,-0.17
LOC_Os01g19770,LOC_Os01g19770.1,0.17,-0.39
LOC_Os01g21560,LOC_Os01g21560.1,0.17,0.95
LOC_Os04g50890,LOC_Os04g50890.1,0.17,1.93
LOC_Os07g46480,LOC_Os07g46480.1,0.17,-0.59
LOC_Os09g33480,LOC_Os09g33480.1,0.17,0.51
LOC_Os12g29550,LOC_Os12g29550.1,0.17,-0.62
LOC_Os08g32870,LOC_Os08g32870.1,0.17,-0.4
LOC_Os11g36060,LOC_Os11g36060.1,0.17,-0.51
LOC_Os02g27950,LOC_Os02g27950.1,0.17,-0.64
LOC_Os01g61814,LOC_Os01g61814.1,0.17,0.68
LOC_Os07g37750,LOC_Os07g37750.1,0.17,0.74
LOC_Os02g55060,LOC_Os02g55060.1,0.17,-0.45
LOC_Os06g44080,LOC_Os06g44080.1,0.17,-0.26
LOC_Os08g23150,LOC_Os08g23150.1,0.17,-0.66
LOC_Os02g58510,LOC_Os02g58510.1,0.17,-0.62
LOC_Os02g36974,LOC_Os02g36974.1,0.18,0.91
LOC_Os01g07910,LOC_Os01g07910.1,0.18,-0.91
LOC_Os04g53440,LOC_Os04g53440.1,0.18,-0.58
LOC_Os01g25610,LOC_Os01g25610.1,0.18,0.62
LOC_Os03g05730,LOC_Os03g05730.1,0.18,-0.67
LOC_Os10g22380,LOC_Os10g22380.1,0.18,-0.36
LOC_Os06g13720,LOC_Os06g13720.1,0.18,0.49
LOC_Os12g42550,LOC_Os12g42550.1,0.18,-0.68
LOC_Os01g12560,LOC_Os01g12560.1,0.18,0.77
LOC_Os08g44480,LOC_Os08g44480.1,0.18,0.78
LOC_Os01g10820,LOC_Os01g10820.1,0.18,-0.73
LOC_Os06g04200,LOC_Os06g04200.1,0.18,0.58
LOC_Os01g71090,LOC_Os01g71090.1,0.18,0.38
LOC_Os03g57690,LOC_Os03g57690.1,0.18,-0.42
LOC_Os03g36730,LOC_Os03g36730.1,0.18,1
LOC_Os09g04790,LOC_Os09g04790.1,0.18,-0.8
LOC_Os03g21040,LOC_Os03g21040.2,0.18,-0.44
LOC_Os12g07820,LOC_Os12g07820.1,0.18,1.01
LOC_Os01g73514,LOC_Os01g73514.1,0.18,-0.45
LOC_Os03g40310,LOC_Os03g40310.1,0.18,0.71
LOC_Os07g02200,LOC_Os07g02200.1,0.18,1
LOC_Os08g06020,LOC_Os08g06020.1,0.18,0.86
LOC_Os03g18180,LOC_Os03g18180.1,0.18,0.86
LOC_Os03g19290,LOC_Os03g19290.1,0.18,-0.71
LOC_Os07g34520,LOC_Os07g34520.1,0.18,2.14
LOC_Os11g10750,LOC_Os11g10750.1,0.18,-0.59
LOC_Os02g04480,LOC_Os02g04480.1,0.18,-0.79
LOC_Os07g31340,LOC_Os07g31340.1,0.18,-0.51
LOC_Os05g44360,LOC_Os05g44360.1,0.18,0.62
LOC_Os03g05260,LOC_Os03g05260.1,0.18,1.04
LOC_Os01g62290,LOC_Os01g62290.1,0.18,-0.33
LOC_Os01g68750,LOC_Os01g68750.1,0.19,0.56
LOC_Os08g10570,LOC_Os08g10570.1,0.19,-0.6
LOC_Os01g37837,LOC_Os01g37837.1,0.19,0.92
LOC_Os01g64680,LOC_Os01g64680.1,0.19,1.13
LOC_Os01g62650,LOC_Os01g62650.1,0.19,-0.63
LOC_Os12g41220,LOC_Os12g41220.1,0.19,0.88
LOC_Os03g02150,LOC_Os03g02150.1,0.19,0.62
LOC_Os05g48960,LOC_Os05g48960.1,0.19,-0.83
LOC_Os03g14980,LOC_Os03g14980.1,0.19,-0.61
LOC_Os01g56490,LOC_Os01g56490.1,0.19,-0.64
LOC_Os11g07470,LOC_Os11g07470.1,0.19,0.66
LOC_Os01g03760,LOC_Os01g03760.1,0.19,0.83
LOC_Os11g11390,LOC_Os11g11390.1,0.19,0.74
LOC_Os07g32460,LOC_Os07g32460.1,0.19,0.86
LOC_Os02g12794,LOC_Os02g12794.3,0.19,0.35
LOC_Os08g27070,LOC_Os08g27070.1,0.19,0.73
LOC_Os03g58040,LOC_Os03g58040.1,0.19,0.42
LOC_Os02g15090,LOC_Os02g15090.1,0.2,0.93
LOC_Os05g11780,LOC_Os05g11780.1,0.2,0.89
LOC_Os02g43830,LOC_Os02g43830.1,0.2,0.95
LOC_Os07g34030,LOC_Os07g34030.1,0.2,0.7
LOC_Os03g16860,LOC_Os03g16860.1,0.2,0.87
LOC_Os07g26690,LOC_Os07g26690.1,0.2,0.86
LOC_Os01g46380,LOC_Os01g46380.1,0.2,0.34
LOC_Os07g39750,LOC_Os07g39750.1,0.2,0.42
LOC_Os01g70020,LOC_Os01g70020.1,0.2,0.42
LOC_Os03g62370,LOC_Os03g62370.1,0.2,-0.65
LOC_Os01g11880,LOC_Os01g11880.1,0.2,-0.44
LOC_Os04g52450,LOC_Os04g52450.1,0.2,0.46
LOC_Os02g01740,LOC_Os02g01740.1,0.2,0.88
LOC_Os02g08380,LOC_Os02g08380.1,0.2,1.08
LOC_Os07g43390,LOC_Os07g43390.1,0.2,-0.83
LOC_Os02g56850,LOC_Os02g56850.1,0.2,-0.6
LOC_Os03g04970,LOC_Os03g04970.1,0.2,-0.47
LOC_Os01g40420,LOC_Os01g40420.1,0.2,-0.9
LOC_Os04g40874,LOC_Os04g40874.1,0.2,-0.2
LOC_Os02g57260,LOC_Os02g57260.1,0.2,0.97
LOC_Os06g21600,LOC_Os06g21600.1,0.21,-0.28
LOC_Os07g38730,LOC_Os07g38730.1,0.21,0.24
LOC_Os02g09420,LOC_Os02g09420.1,0.21,-0.76
LOC_Os02g44810,LOC_Os02g44810.1,0.21,1.14
LOC_Os05g41110,LOC_Os05g41110.1,0.21,-0.66
LOC_Os08g23710,LOC_Os08g23710.1,0.21,0.74
LOC_Os02g47850,LOC_Os02g47850.2,0.21,0.53
LOC_Os01g40470,LOC_Os01g40470.1,0.21,1.02
LOC_Os05g33390,LOC_Os05g33390.1,0.21,0.98
LOC_Os07g42170,LOC_Os07g42170.1,0.21,0.68
LOC_Os03g31360,LOC_Os03g31360.1,0.21,1.06
LOC_Os01g43520,LOC_Os01g43520.1,0.21,-0.93
LOC_Os10g27174,LOC_Os10g27174.1,0.21,-0.68
LOC_Os02g38200,LOC_Os02g38200.1,0.21,-0.58
LOC_Os09g15770,LOC_Os09g15770.1,0.21,-0.58
LOC_Os03g16920,LOC_Os03g16920.1,0.21,-0.45
LOC_Os01g43540,LOC_Os01g43540.1,0.21,0.84
LOC_Os12g35570,LOC_Os12g35570.1,0.21,-0.87
LOC_Os02g48010,LOC_Os02g48010.1,0.21,-0.48
LOC_Os01g03950,LOC_Os01g03950.1,0.21,0.91
LOC_Os11g46240,LOC_Os11g46240.1,0.21,-0.59
LOC_Os01g68790,LOC_Os01g68790.2,0.22,-0.51
LOC_Os02g09220,LOC_Os02g09220.1,0.22,2.53
LOC_Os01g04370,LOC_Os01g04370.1,0.22,-0.49
LOC_Os05g01270,LOC_Os05g01270.1,0.22,-0.31
LOC_Os08g02410,LOC_Os08g02410.1,0.22,0.37
LOC_Os06g14510,LOC_Os06g14510.1,0.22,-0.42
LOC_Os08g27840,LOC_Os08g27840.1,0.22,-0.66
LOC_Os03g19890,LOC_Os03g19890.1,0.22,0.2
LOC_Os09g08670,LOC_Os09g08670.1,0.22,0.54
LOC_Os04g28090,LOC_Os04g28090.1,0.22,0.72
LOC_Os08g04630,LOC_Os08g04630.1,0.22,0.57
LOC_Os08g17160,LOC_Os08g17160.1,0.22,0.47
LOC_Os06g45120,LOC_Os06g45120.1,0.22,0.32
LOC_Os02g39050,LOC_Os02g39050.1,0.22,0.56
LOC_Os10g34180,LOC_Os10g34180.1,0.22,0.38
LOC_Os07g43020,LOC_Os07g43020.1,0.22,-0.46
LOC_Os06g34690,LOC_Os06g34690.1,0.22,-0.31
LOC_Os01g68770,LOC_Os01g68770.1,0.22,0.81
LOC_Os07g11330,LOC_Os07g11330.1,0.22,0.66
LOC_Os04g52850,LOC_Os04g52850.1,0.22,-0.3
LOC_Os01g64650,LOC_Os01g64650.1,0.22,0.74
LOC_Os02g14600,LOC_Os02g14600.1,0.23,0.95
LOC_Os08g30060,LOC_Os08g30060.1,0.23,-0.92
LOC_Os02g14110,LOC_Os02g14110.1,0.23,0.39
LOC_Os01g40340,LOC_Os01g40340.1,0.23,0.52
LOC_Os10g35960,LOC_Os10g35960.1,0.23,-0.54
LOC_Os03g11530,LOC_Os03g11530.1,0.23,-0.66
LOC_Os08g15030,LOC_Os08g15030.1,0.23,0.66
LOC_Os07g49400,LOC_Os07g49400.1,0.23,3.35
LOC_Os05g37830,LOC_Os05g37830.1,0.23,0.34
LOC_Os04g53310,LOC_Os04g53310.1,0.23,0.66
LOC_Os11g29200,LOC_Os11g29200.1,0.23,-0.54
LOC_Os07g08960,LOC_Os07g08960.1,0.23,-0.78
LOC_Os04g31190,LOC_Os04g31190.1,0.23,0.41
LOC_Os02g43020,LOC_Os02g43020.1,0.23,0.41
LOC_Os05g01970,LOC_Os05g01970.1,0.23,0.88
LOC_Os04g52960,LOC_Os04g52960.1,0.23,0.69
LOC_Os04g34450,LOC_Os04g34450.1,0.23,0.58
LOC_Os11g16410,LOC_Os11g16410.1,0.23,0.67
LOC_Os08g09200,LOC_Os08g09200.1,0.23,-0.51
LOC_Os01g55540,LOC_Os01g55540.1,0.24,0.37
LOC_Os07g08660,LOC_Os07g08660.1,0.24,0.66
LOC_Os07g42600,LOC_Os07g42600.1,0.24,0.32
LOC_Os06g37160,LOC_Os06g37160.1,0.24,1.05
LOC_Os04g45040,LOC_Os04g45040.1,0.24,-0.44
LOC_Os07g11380,LOC_Os07g11380.1,0.24,0.71
LOC_Os08g02420,LOC_Os08g02420.1,0.24,1.38
LOC_Os04g34930,LOC_Os04g34930.1,0.24,0.3
LOC_Os11g37890,LOC_Os11g37890.1,0.24,-0.42
LOC_Os11g17610,LOC_Os11g17610.1,0.24,-0.46
LOC_Os04g35090,LOC_Os04g35090.1,0.24,-0.38
LOC_Os07g32620,LOC_Os07g32620.1,0.24,-3.44
LOC_Os02g41590,LOC_Os02g41590.1,0.24,-0.36
LOC_Os07g06710,LOC_Os07g06710.1,0.24,0.6
LOC_Os04g02754,LOC_Os04g02754.1,0.24,-0.33
LOC_Os05g02650,LOC_Os05g02650.1,0.24,-0.41
LOC_Os04g28180,LOC_Os04g28180.1,0.24,1.37
LOC_Os08g25390,LOC_Os08g25390.1,0.24,-0.86
LOC_Os01g13160,LOC_Os01g13160.1,0.24,0.56
LOC_Os03g19960,LOC_Os03g19960.1,0.24,-0.41
LOC_Os02g02400,LOC_Os02g02400.1,0.25,-0.23
LOC_Os03g53800,LOC_Os03g53800.1,0.25,0.91
LOC_Os05g05470,LOC_Os05g05470.1,0.25,-0.69
LOC_Os04g43360,LOC_Os04g43360.1,0.25,-0.44
LOC_Os12g38310,LOC_Os12g38310.1,0.25,-0.36
LOC_Os06g10660,LOC_Os06g10660.1,0.25,-0.55
LOC_Os01g40570,LOC_Os01g40570.1,0.25,0.66
LOC_Os04g37470,LOC_Os04g37470.1,0.25,-0.6
LOC_Os11g40140,LOC_Os11g40140.1,0.25,0.54
LOC_Os02g40830,LOC_Os02g40830.1,0.25,0.53
LOC_Os01g52830,LOC_Os01g52830.1,0.25,-0.65
LOC_Os06g01490,LOC_Os06g01490.1,0.25,0.44
LOC_Os12g13380,LOC_Os12g13380.1,0.25,0.57
LOC_Os05g06330,LOC_Os05g06330.1,0.25,0.74
LOC_Os06g43760,LOC_Os06g43760.1,0.25,0.42
LOC_Os08g33340,LOC_Os08g33340.1,0.25,0.87
LOC_Os01g65560,LOC_Os01g65560.1,0.25,0.38
LOC_Os01g56600,LOC_Os01g56600.1,0.25,0.23
LOC_Os10g41960,LOC_Os10g41960.1,0.25,0.45
LOC_Os10g41030,LOC_Os10g41030.1,0.26,0.96
LOC_Os02g49980,LOC_Os02g49980.1,0.26,0.29
LOC_Os01g63210,LOC_Os01g63210.1,0.26,-0.83
LOC_Os05g45050,LOC_Os05g45050.1,0.26,0.27
LOC_Os10g33630,LOC_Os10g33630.1,0.26,0.99
LOC_Os09g30240,LOC_Os09g30240.1,0.26,-0.54
LOC_Os05g37970,LOC_Os05g37970.3,0.26,-0.51
LOC_Os01g46610,LOC_Os01g46610.1,0.26,0.92
LOC_Os12g07220,LOC_Os12g07220.1,0.26,0.69
LOC_Os05g18604,LOC_Os05g18604.1,0.26,0.37
LOC_Os01g53900,LOC_Os01g53900.1,0.26,-0.57
LOC_Os08g33370,LOC_Os08g33370.1,0.26,0.83
LOC_Os06g50930,LOC_Os06g50930.1,0.26,0.78
LOC_Os02g50240,LOC_Os02g50240.1,0.26,0.56
LOC_Os02g51750,LOC_Os02g51750.1,0.26,-0.45
LOC_Os11g01154,LOC_Os11g01154.1,0.26,-0.61
LOC_Os02g04260,LOC_Os02g04260.1,0.26,-0.66
LOC_Os02g28810,LOC_Os02g28810.1,0.27,1.2
LOC_Os03g19390,LOC_Os03g19390.1,0.27,-1.29
LOC_Os01g42820,LOC_Os01g42820.1,0.27,0.27
LOC_Os02g37420,LOC_Os02g37420.1,0.27,0.59
LOC_Os03g10110,LOC_Os03g10110.1,0.27,-0.38
LOC_Os10g32820,LOC_Os10g32820.1,0.27,-1.5
LOC_Os06g05900,LOC_Os06g05900.1,0.27,0.58
LOC_Os04g42920,LOC_Os04g42920.1,0.27,0.38
LOC_Os04g16740,LOC_Os04g16740.1,0.27,-0.63
LOC_Os10g26700,LOC_Os10g26700.1,0.27,2.31
LOC_Os04g58900,LOC_Os04g58900.1,0.27,0.65
LOC_Os10g32680,LOC_Os10g32680.1,0.27,-0.45
LOC_Os06g31210,LOC_Os06g31210.1,0.28,0.9
LOC_Os04g44830,LOC_Os04g44830.1,0.28,0.19
LOC_Os07g09400,LOC_Os07g09400.1,0.28,-0.83
LOC_Os03g52840,LOC_Os03g52840.1,0.28,-0.57
LOC_Os09g37610,LOC_Os09g37610.1,0.28,0.66
LOC_Os02g14059,LOC_Os02g14059.1,0.28,-0.2
LOC_Os09g37860,LOC_Os09g37860.1,0.28,-0.67
LOC_Os02g52860,LOC_Os02g52860.1,0.28,0.46
LOC_Os11g04480,LOC_Os11g04480.1,0.28,-0.5
LOC_Os02g07910,LOC_Os02g07910.1,0.28,-0.34
LOC_Os05g50380,LOC_Os05g50380.1,0.28,-0.45
LOC_Os05g04850,LOC_Os05g04850.1,0.28,0.6
LOC_Os12g37870,LOC_Os12g37870.1,0.28,0.22
LOC_Os04g44870,LOC_Os04g44870.1,0.28,0.91
LOC_Os04g45970,LOC_Os04g45970.1,0.28,-0.33
LOC_Os05g04520,LOC_Os05g04520.1,0.28,0.68
LOC_Os07g11410,LOC_Os07g11410.1,0.28,0.91
LOC_Os07g38300,LOC_Os07g38300.1,0.29,-0.9
LOC_Os04g47220,LOC_Os04g47220.1,0.29,0.88
LOC_Os02g11830,LOC_Os02g11830.2,0.29,0.77
LOC_Os10g32880,LOC_Os10g32880.1,0.29,-0.23
LOC_Os05g07030,LOC_Os05g07030.2,0.29,-0.44
LOC_Os06g43570,LOC_Os06g43570.1,0.29,0.46
LOC_Os05g06980,LOC_Os05g06980.1,0.29,-0.72
LOC_Os11g34350,LOC_Os11g34350.1,0.29,-0.29
LOC_Os04g40950,LOC_Os04g40950.1,0.29,0.2
LOC_Os04g47870,LOC_Os04g47870.1,0.29,0.64
LOC_Os03g51000,LOC_Os03g51000.1,0.29,-0.28
LOC_Os04g20220,LOC_Os04g20220.1,0.29,0.64
LOC_Os05g41172,LOC_Os05g41172.1,0.29,-0.19
LOC_Os12g21890,LOC_Os12g21890.1,0.29,-0.53
LOC_Os08g25140,LOC_Os08g25140.1,0.29,1.51
LOC_Os03g12230,LOC_Os03g12230.1,0.29,0.62
LOC_Os04g26910,LOC_Os04g26910.1,0.29,-0.53
LOC_Os04g39020,LOC_Os04g39020.1,0.3,-0.54
LOC_Os05g44922,LOC_Os05g44922.1,0.3,0.45
LOC_Os07g07250,LOC_Os07g07250.1,0.3,0.59
LOC_Os03g08450,LOC_Os03g08450.1,0.3,0.46
LOC_Os01g22520,LOC_Os01g22520.1,0.3,-0.32
LOC_Os03g02540,LOC_Os03g02540.1,0.3,0.53
LOC_Os05g06750,LOC_Os05g06750.1,0.3,-0.17
LOC_Os02g37862,LOC_Os02g37862.1,0.3,0.52
LOC_Os03g60780,LOC_Os03g60780.1,0.3,-0.35
LOC_Os08g43360,LOC_Os08g43360.1,0.3,0.61
LOC_Os05g13950,LOC_Os05g13950.1,0.3,0.29
LOC_Os07g36470,LOC_Os07g36470.1,0.3,0.48
LOC_Os03g52690,LOC_Os03g52690.8,0.3,0.46
LOC_Os07g07450,LOC_Os07g07450.1,0.3,-1.02
LOC_Os02g13140,LOC_Os02g13140.1,0.3,-0.43
LOC_Os02g30630,LOC_Os02g30630.1,0.3,-0.45
LOC_Os02g57040,LOC_Os02g57040.1,0.31,-0.53
LOC_Os03g29260,LOC_Os03g29260.2,0.31,0.45
LOC_Os05g30530,LOC_Os05g30530.1,0.31,0.41
LOC_Os12g16890,LOC_Os12g16890.1,0.31,0.55
LOC_Os12g42876,LOC_Os12g42876.1,0.31,-0.36
LOC_Os06g48030,LOC_Os06g48030.1,0.31,0.86
LOC_Os03g18454,LOC_Os03g18454.1,0.31,0.82
LOC_Os05g25850,LOC_Os05g25850.1,0.31,0.51
LOC_Os08g36630,LOC_Os08g36630.1,0.31,0.78
LOC_Os10g42540,LOC_Os10g42540.1,0.31,-0.42
LOC_Os03g49600,LOC_Os03g49600.1,0.31,-0.53
LOC_Os01g52390,LOC_Os01g52390.1,0.31,0.42
LOC_Os07g31370,LOC_Os07g31370.1,0.31,0.51
LOC_Os08g02130,LOC_Os08g02130.1,0.31,-0.36
LOC_Os08g18110,LOC_Os08g18110.1,0.31,-0.5
LOC_Os06g45830,LOC_Os06g45830.1,0.31,0.45
LOC_Os01g03340,LOC_Os01g03340.1,0.31,0.59
LOC_Os01g06630,LOC_Os01g06630.1,0.31,-0.93
LOC_Os06g34790,LOC_Os06g34790.1,0.31,0.48
LOC_Os02g25640,LOC_Os02g25640.1,0.31,0.73
LOC_Os01g50310,LOC_Os01g50310.1,0.31,0.45
LOC_Os03g50540,LOC_Os03g50540.1,0.32,-0.39
LOC_Os02g39870,LOC_Os02g39870.1,0.32,0.42
LOC_Os07g36190,LOC_Os07g36190.1,0.32,0.51
LOC_Os08g36994,LOC_Os08g36994.1,0.32,-0.47
LOC_Os06g44890,LOC_Os06g44890.1,0.32,0.77
LOC_Os09g08430,LOC_Os09g08430.1,0.32,0.33
LOC_Os03g03810,LOC_Os03g03810.1,0.32,-0.6
LOC_Os02g24020,LOC_Os02g24020.1,0.32,-0.29
LOC_Os09g04670,LOC_Os09g04670.1,0.32,0.33
LOC_Os05g37330,LOC_Os05g37330.1,0.32,0.39
LOC_Os02g35590,LOC_Os02g35590.1,0.32,-0.59
LOC_Os03g20630,LOC_Os03g20630.2,0.32,-0.6
LOC_Os11g10480,LOC_Os11g10480.1,0.32,0.46
LOC_Os01g67054,LOC_Os01g67054.1,0.32,0.5
LOC_Os03g13380,LOC_Os03g13380.1,0.32,1.65
LOC_Os03g12140,LOC_Os03g12140.1,0.32,-0.3
LOC_Os07g47290,LOC_Os07g47290.1,0.32,-0.54
LOC_Os01g55830,LOC_Os01g55830.1,0.32,0.58
LOC_Os03g28990,LOC_Os03g28990.1,0.32,-0.24
LOC_Os03g22880,LOC_Os03g22880.1,0.32,-0.5
LOC_Os11g29370,LOC_Os11g29370.1,0.32,-0.18
LOC_Os09g33800,LOC_Os09g33800.1,0.32,-0.86
LOC_Os03g64400,LOC_Os03g64400.1,0.32,0.3
LOC_Os01g56510,LOC_Os01g56510.1,0.32,-0.26
LOC_Os03g60370,LOC_Os03g60370.1,0.33,0.35
LOC_Os02g01450,LOC_Os02g01450.1,0.33,0.54
LOC_Os05g34540,LOC_Os05g34540.1,0.33,-0.54
LOC_Os12g43140,LOC_Os12g43140.1,0.33,-0.46
LOC_Os04g52460,LOC_Os04g52460.1,0.33,1.27
LOC_Os11g38900,LOC_Os11g38900.1,0.33,-0.43
LOC_Os04g45070,LOC_Os04g45070.1,0.33,0.94
LOC_Os05g50110,LOC_Os05g50110.1,0.33,-0.33
LOC_Os05g32630,LOC_Os05g32630.1,0.33,0.69
LOC_Os02g21460,LOC_Os02g21460.1,0.33,-0.3
LOC_Os08g03690,LOC_Os08g03690.1,0.33,-0.4
LOC_Os01g05610,LOC_Os01g05610.1,0.33,0.47
LOC_Os03g11440,LOC_Os03g11440.1,0.33,0.33
LOC_Os02g18850,LOC_Os02g18850.1,0.33,-0.47
LOC_Os01g50700,LOC_Os01g50700.1,0.33,-0.4
LOC_Os12g44150,LOC_Os12g44150.1,0.33,0.77
LOC_Os08g44530,LOC_Os08g44530.1,0.34,-0.19
LOC_Os03g17010,LOC_Os03g17010.1,0.34,-0.58
LOC_Os03g54890,LOC_Os03g54890.1,0.34,0.42
LOC_Os01g06270,LOC_Os01g06270.1,0.34,-0.65
LOC_Os02g05830,LOC_Os02g05830.1,0.34,0.18
LOC_Os09g34300,LOC_Os09g34300.1,0.34,-0.44
LOC_Os06g47320,LOC_Os06g47320.1,0.34,-0.23
LOC_Os11g26850,LOC_Os11g26850.2,0.34,0.22
LOC_Os09g29070,LOC_Os09g29070.1,0.34,0.44
LOC_Os07g47630,LOC_Os07g47630.1,0.34,0.42
LOC_Os08g10480,LOC_Os08g10480.1,0.34,-0.3
LOC_Os01g21180,LOC_Os01g21180.1,0.34,0.49
LOC_Os11g26860,LOC_Os11g26860.1,0.34,0.26
LOC_Os08g34130,LOC_Os08g34130.1,0.34,0.56
LOC_Os06g30370,LOC_Os06g30370.1,0.34,-0.75
LOC_Os11g06760,LOC_Os11g06760.1,0.34,-0.25
LOC_Os06g31070,LOC_Os06g31070.1,0.34,0.87
LOC_Os03g42900,LOC_Os03g42900.1,0.34,0.39
LOC_Os08g09250,LOC_Os08g09250.2,0.34,-0.4
LOC_Os01g43410,LOC_Os01g43410.1,0.34,-0.45
LOC_Os11g47760,LOC_Os11g47760.1,0.34,0.44
LOC_Os03g14260,LOC_Os03g14260.1,0.34,0.52
LOC_Os12g20150,LOC_Os12g20150.1,0.35,-0.43
LOC_Os06g48300,LOC_Os06g48300.1,0.35,-0.59
LOC_Os01g73220,LOC_Os01g73220.1,0.35,-0.29
LOC_Os05g32140,LOC_Os05g32140.1,0.35,-0.43
LOC_Os08g22864,LOC_Os08g22864.1,0.35,0.9
LOC_Os04g56180,LOC_Os04g56180.1,0.35,0.58
LOC_Os02g55420,LOC_Os02g55420.1,0.35,0.35
LOC_Os04g30780,LOC_Os04g30780.1,0.35,-0.17
LOC_Os02g46520,LOC_Os02g46520.1,0.35,0.23
LOC_Os08g34760,LOC_Os08g34760.1,0.35,0.26
LOC_Os09g29840,LOC_Os09g29840.1,0.35,-0.43
LOC_Os04g42140,LOC_Os04g42140.1,0.35,0.55
LOC_Os04g35570,LOC_Os04g35570.1,0.35,0.52
LOC_Os09g30010,LOC_Os09g30010.1,0.35,-0.58
LOC_Os02g50799,LOC_Os02g50799.1,0.35,-0.51
LOC_Os06g27910,LOC_Os06g27910.1,0.35,0.43
LOC_Os11g26570,LOC_Os11g26570.1,0.35,-0.66
LOC_Os01g32800,LOC_Os01g32800.1,0.35,0.19
LOC_Os11g02350,LOC_Os11g02350.1,0.35,-0.27
LOC_Os04g43200,LOC_Os04g43200.1,0.35,-0.61
LOC_Os02g48110,LOC_Os02g48110.1,0.35,-0.31
LOC_Os03g08280,LOC_Os03g08280.1,0.35,0.42
LOC_Os08g42410,LOC_Os08g42410.1,0.35,0.04
LOC_Os01g44220,LOC_Os01g44220.1,0.35,-0.84
LOC_Os11g05050,LOC_Os11g05050.1,0.35,0.4
LOC_Os07g09680,LOC_Os07g09680.1,0.35,0.84
LOC_Os04g54330,LOC_Os04g54330.1,0.36,0.57
LOC_Os08g23180,LOC_Os08g23180.1,0.36,-0.31
LOC_Os10g41820,LOC_Os10g41820.1,0.36,-0.41
LOC_Os08g13690,LOC_Os08g13690.1,0.36,0.49
LOC_Os02g03890,LOC_Os02g03890.1,0.36,-0.25
LOC_Os08g43580,LOC_Os08g43580.1,0.36,0.4
LOC_Os03g51950,LOC_Os03g51950.1,0.36,-0.39
LOC_Os01g16190,LOC_Os01g16190.1,0.36,-0.41
LOC_Os02g32350,LOC_Os02g32350.1,0.36,0.32
LOC_Os01g69130,LOC_Os01g69130.1,0.36,-0.37
LOC_Os04g58620,LOC_Os04g58620.1,0.36,-0.41
LOC_Os04g31700,LOC_Os04g31700.1,0.36,0.29
LOC_Os01g23590,LOC_Os01g23590.1,0.36,0.64
LOC_Os02g10640,LOC_Os02g10640.1,0.36,-0.49
LOC_Os02g57070,LOC_Os02g57070.1,0.36,0.59
LOC_Os05g41970,LOC_Os05g41970.1,0.36,0.74
LOC_Os03g62620,LOC_Os03g62620.2,0.36,0.28
LOC_Os01g48280,LOC_Os01g48280.1,0.36,0.39
LOC_Os02g02530,LOC_Os02g02530.1,0.36,1.63
LOC_Os08g34210,LOC_Os08g34210.1,0.37,-0.32
LOC_Os02g32490,LOC_Os02g32490.1,0.37,0.72
LOC_Os12g43370,LOC_Os12g43370.1,0.37,-0.36
LOC_Os04g54410,LOC_Os04g54410.1,0.37,1.08
LOC_Os03g29770,LOC_Os03g29770.1,0.37,-0.45
LOC_Os02g18660,LOC_Os02g18660.1,0.37,0.46
LOC_Os04g02900,LOC_Os04g02900.1,0.37,0.45
LOC_Os03g19530,LOC_Os03g19530.1,0.37,-0.6
LOC_Os03g58430,LOC_Os03g58430.1,0.37,0.15
LOC_Os12g21798,LOC_Os12g21798.1,0.37,0.63
LOC_Os01g44230,LOC_Os01g44230.1,0.37,-0.5
LOC_Os09g36090,LOC_Os09g36090.1,0.37,-0.49
LOC_Os05g08990,LOC_Os05g08990.1,0.37,0.65
LOC_Os11g07040,LOC_Os11g07040.1,0.37,0.55
LOC_Os01g73140,LOC_Os01g73140.1,0.37,-0.52
LOC_Os10g17280,LOC_Os10g17280.1,0.37,-0.56
LOC_Os01g16970,LOC_Os01g16970.1,0.37,0.4
LOC_Os07g14270,LOC_Os07g14270.3,0.37,0.33
LOC_Os03g19280,LOC_Os03g19280.1,0.37,0.64
LOC_Os03g38980,LOC_Os03g38980.1,0.37,0.52
LOC_Os02g27470,LOC_Os02g27470.1,0.38,0.57
LOC_Os02g48620,LOC_Os02g48620.1,0.38,0.27
LOC_Os07g08340,LOC_Os07g08340.1,0.38,0.26
LOC_Os03g21550,LOC_Os03g21550.1,0.38,0.32
LOC_Os04g32080,LOC_Os04g32080.1,0.38,-0.21
LOC_Os09g07460,LOC_Os09g07460.1,0.38,-0.42
LOC_Os03g19410,LOC_Os03g19410.1,0.38,0.76
LOC_Os02g17390,LOC_Os02g17390.1,0.38,0.34
LOC_Os06g04380,LOC_Os06g04380.1,0.38,-0.36
LOC_Os03g50480,LOC_Os03g50480.1,0.38,-0.27
LOC_Os11g07280,LOC_Os11g07280.1,0.38,0.39
LOC_Os12g44020,LOC_Os12g44020.1,0.38,0.6
LOC_Os07g03160,LOC_Os07g03160.1,0.38,-0.48
LOC_Os03g17980,LOC_Os03g17980.1,0.38,-0.35
LOC_Os04g52900,LOC_Os04g52900.1,0.38,1.19
LOC_Os10g40110,LOC_Os10g40110.1,0.38,-0.25
LOC_Os02g27760,LOC_Os02g27760.1,0.38,0.51
LOC_Os05g15520,LOC_Os05g15520.1,0.38,0.37
LOC_Os02g09250,LOC_Os02g09250.1,0.38,-0.34
LOC_Os01g69030,LOC_Os01g69030.1,0.39,-0.41
LOC_Os04g43750,LOC_Os04g43750.1,0.39,-0.23
LOC_Os04g47370,LOC_Os04g47370.1,0.39,0.53
LOC_Os02g01920,LOC_Os02g01920.1,0.39,0.4
LOC_Os06g49780,LOC_Os06g49780.1,0.39,0.94
LOC_Os09g38030,LOC_Os09g38030.1,0.39,0.22
LOC_Os06g22650,LOC_Os06g22650.1,0.39,-0.79
LOC_Os02g52940,LOC_Os02g52940.1,0.39,0.45
LOC_Os06g09630,LOC_Os06g09630.1,0.39,-0.26
LOC_Os05g40420,LOC_Os05g40420.1,0.39,-0.24
LOC_Os09g23160,LOC_Os09g23160.1,0.39,-0.49
LOC_Os07g10150,LOC_Os07g10150.1,0.39,0.58
LOC_Os10g30640,LOC_Os10g30640.1,0.39,0.46
LOC_Os06g15990,LOC_Os06g15990.1,0.39,-0.27
LOC_Os05g51540,LOC_Os05g51540.1,0.4,0.36
LOC_Os06g43850,LOC_Os06g43850.1,0.4,0.31
LOC_Os08g31970,LOC_Os08g31970.1,0.4,-0.37
LOC_Os03g11410,LOC_Os03g11410.1,0.4,0.21
LOC_Os06g49110,LOC_Os06g49110.1,0.4,0.62
LOC_Os02g05480,LOC_Os02g05480.1,0.4,-0.36
LOC_Os07g44660,LOC_Os07g44660.1,0.4,-0.22
LOC_Os07g27180,LOC_Os07g27180.1,0.4,-0.39
LOC_Os01g46510,LOC_Os01g46510.1,0.4,0.4
LOC_Os12g01260,LOC_Os12g01260.1,0.4,0.49
LOC_Os08g23730,LOC_Os08g23730.1,0.4,-0.13
LOC_Os05g51180,LOC_Os05g51180.1,0.4,-0.47
LOC_Os05g48020,LOC_Os05g48020.1,0.4,0.77
LOC_Os01g13080,LOC_Os01g13080.1,0.4,0.28
LOC_Os06g12600,LOC_Os06g12600.1,0.4,-0.5
LOC_Os01g41880,LOC_Os01g41880.1,0.4,0.32
LOC_Os03g02710,LOC_Os03g02710.1,0.4,0.63
LOC_Os02g05630,LOC_Os02g05630.1,0.4,0.71
LOC_Os01g27520,LOC_Os01g27520.1,0.4,-0.51
LOC_Os08g20660,LOC_Os08g20660.1,0.4,0.26
LOC_Os03g58170,LOC_Os03g58170.1,0.4,0.56
LOC_Os09g12660,LOC_Os09g12660.1,0.41,-0.35
LOC_Os01g01960,LOC_Os01g01960.1,0.41,0.84
LOC_Os01g47690,LOC_Os01g47690.1,0.41,0.7
LOC_Os03g28400,LOC_Os03g28400.1,0.41,0.68
LOC_Os10g17454,LOC_Os10g17454.1,0.41,-0.29
LOC_Os06g35814,LOC_Os06g35814.1,0.41,0.55
LOC_Os03g50520,LOC_Os03g50520.1,0.41,0.67
LOC_Os01g70170,LOC_Os01g70170.1,0.41,0.67
LOC_Os03g21790,LOC_Os03g21790.1,0.41,-0.33
LOC_Os04g39980,LOC_Os04g39980.1,0.41,-0.46
LOC_Os01g04650,LOC_Os01g04650.1,0.41,0.45
LOC_Os08g41250,LOC_Os08g41250.1,0.41,0.55
LOC_Os04g58580,LOC_Os04g58580.1,0.41,0.47
LOC_Os09g24540,LOC_Os09g24540.1,0.41,-0.42
LOC_Os03g49400,LOC_Os03g49400.1,0.42,-0.66
LOC_Os06g33340,LOC_Os06g33340.1,0.42,-0.33
LOC_Os11g11020,LOC_Os11g11020.1,0.42,0.11
LOC_Os07g44410,LOC_Os07g44410.1,0.42,-0.41
LOC_Os09g39540,LOC_Os09g39540.1,0.42,1.23
LOC_Os10g35010,LOC_Os10g35010.1,0.42,-0.5
LOC_Os04g57440,LOC_Os04g57440.1,0.42,0.71
LOC_Os01g42294,LOC_Os01g42294.1,0.42,-0.57
LOC_Os10g30580,LOC_Os10g30580.1,0.42,-0.36
LOC_Os11g32470,LOC_Os11g32470.1,0.42,0.53
LOC_Os03g26630,LOC_Os03g26630.1,0.42,0.24
LOC_Os03g49610,LOC_Os03g49610.1,0.42,-0.15
LOC_Os06g45660,LOC_Os06g45660.1,0.42,-0.48
LOC_Os03g08440,LOC_Os03g08440.1,0.42,-0.29
LOC_Os10g28120,LOC_Os10g28120.1,0.42,-0.54
LOC_Os06g30310,LOC_Os06g30310.1,0.42,-0.34
LOC_Os12g07230,LOC_Os12g07230.1,0.42,0.23
LOC_Os05g39390,LOC_Os05g39390.1,0.42,-0.27
LOC_Os12g32240,LOC_Os12g32240.1,0.42,0.33
LOC_Os08g02340,LOC_Os08g02340.1,0.42,0.2
LOC_Os03g48310,LOC_Os03g48310.1,0.42,-0.6
LOC_Os02g58090,LOC_Os02g58090.1,0.42,-0.37
LOC_Os08g41300,LOC_Os08g41300.1,0.42,0.57
LOC_Os01g31800,LOC_Os01g31800.1,0.42,0.21
LOC_Os10g30370,LOC_Os10g30370.1,0.42,-0.4
LOC_Os05g03830,LOC_Os05g03830.1,0.42,-0.42
LOC_Os03g59220,LOC_Os03g59220.1,0.43,0.59
LOC_Os06g04460,LOC_Os06g04460.1,0.43,-0.4
LOC_Os03g57430,LOC_Os03g57430.1,0.43,-0.49
LOC_Os09g07830,LOC_Os09g07830.1,0.43,0.41
LOC_Os01g26160,LOC_Os01g26160.1,0.43,0.64
LOC_Os03g22180,LOC_Os03g22180.1,0.43,0.46
LOC_Os10g36650,LOC_Os10g36650.1,0.43,-0.46
LOC_Os09g39780,LOC_Os09g39780.1,0.43,0.2
LOC_Os05g38170,LOC_Os05g38170.1,0.43,0.45
LOC_Os09g32500,LOC_Os09g32500.1,0.43,0.54
LOC_Os05g41210,LOC_Os05g41210.1,0.43,0.27
LOC_Os12g25710,LOC_Os12g25710.1,0.43,0.33
LOC_Os06g18670,LOC_Os06g18670.1,0.43,-0.27
LOC_Os01g64670,LOC_Os01g64670.1,0.43,-0.5
LOC_Os05g50710,LOC_Os05g50710.1,0.43,-0.49
LOC_Os05g02060,LOC_Os05g02060.1,0.44,-0.43
LOC_Os04g32660,LOC_Os04g32660.1,0.44,0.39
LOC_Os10g32970,LOC_Os10g32970.1,0.44,0.61
LOC_Os12g22030,LOC_Os12g22030.1,0.44,0.15
LOC_Os03g61710,LOC_Os03g61710.1,0.44,-0.43
LOC_Os02g56000,LOC_Os02g56000.1,0.44,0.44
LOC_Os04g32650,LOC_Os04g32650.1,0.44,0.3
LOC_Os06g39344,LOC_Os06g39344.1,0.44,0.4
LOC_Os01g32780,LOC_Os01g32780.1,0.44,-0.47
LOC_Os06g06770,LOC_Os06g06770.1,0.44,-0.2
LOC_Os10g35550,LOC_Os10g35550.1,0.44,0.4
LOC_Os09g04730,LOC_Os09g04730.1,0.44,-0.51
LOC_Os01g07520,LOC_Os01g07520.1,0.44,-0.3
LOC_Os02g01150,LOC_Os02g01150.1,0.44,0.41
LOC_Os04g57890,LOC_Os04g57890.1,0.44,0.41
LOC_Os10g39620,LOC_Os10g39620.1,0.45,0.28
LOC_Os09g12570,LOC_Os09g12570.1,0.45,0.47
LOC_Os03g26970,LOC_Os03g26970.1,0.45,-0.56
LOC_Os03g16030,LOC_Os03g16030.1,0.45,-0.4
LOC_Os02g04270,LOC_Os02g04270.1,0.45,0.37
LOC_Os05g01310,LOC_Os05g01310.1,0.45,0.16
LOC_Os10g35250,LOC_Os10g35250.1,0.45,-0.33
LOC_Os07g43890,LOC_Os07g43890.1,0.45,0.42
LOC_Os06g02380,LOC_Os06g02380.1,0.45,-0.15
LOC_Os06g11660,LOC_Os06g11660.1,0.45,-0.32
LOC_Os01g17430,LOC_Os01g17430.1,0.45,0.28
LOC_Os06g11812,LOC_Os06g11812.1,0.45,-0.31
LOC_Os08g03640,LOC_Os08g03640.1,0.45,-0.25
LOC_Os04g01590,LOC_Os04g01590.1,0.45,0.31
LOC_Os06g46740,LOC_Os06g46740.1,0.45,0.19
LOC_Os03g56300,LOC_Os03g56300.1,0.45,0.36
LOC_Os02g15740,LOC_Os02g15740.1,0.45,-0.33
LOC_Os08g19850,LOC_Os08g19850.1,0.45,-0.19
LOC_Os12g37720,LOC_Os12g37720.1,0.45,-0.34
LOC_Os02g53060,LOC_Os02g53060.1,0.46,0.28
LOC_Os08g44270,LOC_Os08g44270.1,0.46,-0.51
LOC_Os05g07050,LOC_Os05g07050.1,0.46,-0.55
LOC_Os10g10244,LOC_Os10g10244.1,0.46,-0.44
LOC_Os04g44920,LOC_Os04g44920.1,0.46,-0.36
LOC_Os01g63010,LOC_Os01g63010.1,0.46,-0.31
LOC_Os03g13970,LOC_Os03g13970.1,0.46,-0.17
LOC_Os04g48770,LOC_Os04g48770.2,0.46,0.42
LOC_Os05g28280,LOC_Os05g28280.1,0.46,0.26
LOC_Os01g72240,LOC_Os01g72240.1,0.46,0.22
LOC_Os06g45440,LOC_Os06g45440.1,0.46,0.47
LOC_Os08g20270,LOC_Os08g20270.1,0.46,0.39
LOC_Os01g48420,LOC_Os01g48420.1,0.46,-0.25
LOC_Os12g13390,LOC_Os12g13390.1,0.46,-0.26
LOC_Os07g46750,LOC_Os07g46750.1,0.46,0.43
LOC_Os02g18550,LOC_Os02g18550.1,0.46,0.56
LOC_Os02g56130,LOC_Os02g56130.1,0.46,-0.34
LOC_Os02g56740,LOC_Os02g56740.1,0.46,-0.5
LOC_Os05g02530,LOC_Os05g02530.1,0.46,0.32
LOC_Os03g60580,LOC_Os03g60580.1,0.46,0.2
LOC_Os06g01500,LOC_Os06g01500.1,0.46,-0.25
LOC_Os06g48750,LOC_Os06g48750.1,0.47,0.75
LOC_Os01g54920,LOC_Os01g54920.1,0.47,-0.29
LOC_Os03g31300,LOC_Os03g31300.1,0.47,-0.32
LOC_Os01g59930,LOC_Os01g59930.1,0.47,0.58
LOC_Os08g44250,LOC_Os08g44250.1,0.47,0.9
LOC_Os08g23360,LOC_Os08g23360.1,0.47,1.51
LOC_Os05g38530,LOC_Os05g38530.1,0.47,-0.28
LOC_Os03g52490,LOC_Os03g52490.1,0.47,-0.33
LOC_Os01g47730,LOC_Os01g47730.1,0.47,-0.36
LOC_Os04g40600,LOC_Os04g40600.1,0.47,-0.37
LOC_Os04g35900,LOC_Os04g35900.1,0.48,-0.14
LOC_Os06g11610,LOC_Os06g11610.1,0.48,-0.41
LOC_Os02g40880,LOC_Os02g40880.1,0.48,0.19
LOC_Os11g43970,LOC_Os11g43970.1,0.48,0.39
LOC_Os12g42884,LOC_Os12g42884.1,0.48,-0.19
LOC_Os10g36760,LOC_Os10g36760.1,0.48,0.23
LOC_Os03g07910,LOC_Os03g07910.1,0.48,-0.4
LOC_Os04g56520,LOC_Os04g56520.1,0.48,-0.34
LOC_Os02g10790,LOC_Os02g10790.1,0.48,0.49
LOC_Os01g71990,LOC_Os01g71990.1,0.49,0.29
LOC_Os09g07510,LOC_Os09g07510.1,0.49,-0.2
LOC_Os01g46600,LOC_Os01g46600.1,0.49,-0.44
LOC_Os06g37440,LOC_Os06g37440.1,0.49,0.27
LOC_Os06g51084,LOC_Os06g51084.1,0.49,-0.35
LOC_Os07g44650,LOC_Os07g44650.1,0.49,0.53
LOC_Os01g09560,LOC_Os01g09560.1,0.49,-0.43
LOC_Os02g48290,LOC_Os02g48290.1,0.49,0.21
LOC_Os01g15120,LOC_Os01g15120.1,0.49,0.38
LOC_Os11g43890,LOC_Os11g43890.1,0.49,-0.28
LOC_Os01g39310,LOC_Os01g39310.1,0.49,0.42
LOC_Os06g46284,LOC_Os06g46284.1,0.49,0.14
LOC_Os08g10600,LOC_Os08g10600.1,0.49,0.24
LOC_Os08g41390,LOC_Os08g41390.1,0.49,-0.18
LOC_Os03g14450,LOC_Os03g14450.1,0.49,0.13
LOC_Os07g41820,LOC_Os07g41820.1,0.49,0.32
LOC_Os06g41810,LOC_Os06g41810.1,0.49,-0.43
LOC_Os12g02320,LOC_Os12g02320.1,0.49,-0.29
LOC_Os03g40010,LOC_Os03g40010.1,0.49,-0.4
LOC_Os06g11800,LOC_Os06g11800.1,0.49,-0.38
LOC_Os01g73990,LOC_Os01g73990.1,0.49,0.52
LOC_Os09g26880,LOC_Os09g26880.1,0.49,-0.15
LOC_Os02g03860,LOC_Os02g03860.1,0.49,0.32
LOC_Os05g36290,LOC_Os05g36290.1,0.5,-0.33
LOC_Os03g53690,LOC_Os03g53690.1,0.5,-0.45
LOC_Os05g34770,LOC_Os05g34770.1,0.5,0.39
LOC_Os05g38810,LOC_Os05g38810.1,0.5,0.41
LOC_Os01g05490,LOC_Os01g05490.1,0.5,0.41
LOC_Os05g06310,LOC_Os05g06310.1,0.5,0.27
LOC_Os04g36700,LOC_Os04g36700.1,0.5,0.23
LOC_Os02g19860,LOC_Os02g19860.1,0.5,0.23
LOC_Os06g51270,LOC_Os06g51270.1,0.5,0.9
LOC_Os03g14530,LOC_Os03g14530.1,0.5,-0.43
LOC_Os06g04800,LOC_Os06g04800.1,0.5,0.28
LOC_Os07g38130,LOC_Os07g38130.1,0.5,0.19
LOC_Os07g42300,LOC_Os07g42300.1,0.5,0.41
LOC_Os05g07680,LOC_Os05g07680.1,0.5,-0.37
LOC_Os05g45930,LOC_Os05g45930.1,0.5,0.38
LOC_Os06g20090,LOC_Os06g20090.1,0.5,0.19
LOC_Os03g13730,LOC_Os03g13730.1,0.51,-0.47
LOC_Os10g10500,LOC_Os10g10500.1,0.51,0.42
LOC_Os04g32560,LOC_Os04g32560.1,0.51,0.35
LOC_Os09g29200,LOC_Os09g29200.1,0.51,-0.32
LOC_Os12g24080,LOC_Os12g24080.1,0.51,-0.45
LOC_Os01g27880,LOC_Os01g27880.1,0.51,-0.47
LOC_Os05g49150,LOC_Os05g49150.1,0.51,-0.23
LOC_Os11g10480,LOC_Os11g10480.4,0.51,0.43
LOC_Os11g24070,LOC_Os11g24070.1,0.51,-0.27
LOC_Os06g02144,LOC_Os06g02144.1,0.51,0.15
LOC_Os03g23950,LOC_Os03g23950.1,0.51,0.37
LOC_Os03g04410,LOC_Os03g04410.1,0.51,-0.28
LOC_Os05g05930,LOC_Os05g05930.1,0.51,-0.33
LOC_Os05g41640,LOC_Os05g41640.1,0.51,0.34
LOC_Os02g33490,LOC_Os02g33490.1,0.51,0.28
LOC_Os12g18120,LOC_Os12g18120.1,0.51,0.18
LOC_Os08g21660,LOC_Os08g21660.1,0.51,-0.11
LOC_Os06g48640,LOC_Os06g48640.1,0.51,0.31
LOC_Os01g70320,LOC_Os01g70320.1,0.51,0.32
LOC_Os07g33110,LOC_Os07g33110.1,0.51,-0.21
LOC_Os02g48720,LOC_Os02g48720.1,0.52,0.4
LOC_Os04g51610,LOC_Os04g51610.1,0.52,-0.44
LOC_Os08g44860,LOC_Os08g44860.2,0.52,-0.3
LOC_Os02g01500,LOC_Os02g01500.1,0.52,0.32
LOC_Os04g43170,LOC_Os04g43170.1,0.52,-0.25
LOC_Os04g39700,LOC_Os04g39700.1,0.52,0.35
LOC_Os08g40560,LOC_Os08g40560.1,0.52,0.26
LOC_Os04g33460,LOC_Os04g33460.1,0.52,-0.26
LOC_Os02g33450,LOC_Os02g33450.1,0.52,0.24
LOC_Os05g48240,LOC_Os05g48240.1,0.52,0.3
LOC_Os06g36770,LOC_Os06g36770.1,0.52,-0.21
LOC_Os06g47330,LOC_Os06g47330.1,0.52,0.17
LOC_Os06g11640,LOC_Os06g11640.1,0.52,-0.4
LOC_Os05g08360,LOC_Os05g08360.1,0.52,-0.35
LOC_Os05g04870,LOC_Os05g04870.1,0.52,-0.19
LOC_Os03g42130,LOC_Os03g42130.1,0.52,0.77
LOC_Os05g43360,LOC_Os05g43360.1,0.52,-0.33
LOC_Os11g48070,LOC_Os11g48070.1,0.52,0.33
LOC_Os08g03520,LOC_Os08g03520.1,0.53,0.22
LOC_Os03g21460,LOC_Os03g21460.1,0.53,-0.35
LOC_Os01g54940,LOC_Os01g54940.1,0.53,-0.24
LOC_Os07g22720,LOC_Os07g22720.1,0.53,0.31
LOC_Os06g05180,LOC_Os06g05180.3,0.53,0.78
LOC_Os01g36890,LOC_Os01g36890.2,0.53,0.16
LOC_Os01g63270,LOC_Os01g63270.1,0.53,-0.22
LOC_Os02g18380,LOC_Os02g18380.1,0.53,0.2
LOC_Os02g39550,LOC_Os02g39550.1,0.53,0.35
LOC_Os01g48760,LOC_Os01g48760.1,0.53,-0.23
LOC_Os03g40270,LOC_Os03g40270.1,0.53,0.22
LOC_Os09g16910,LOC_Os09g16910.1,0.53,-0.32
LOC_Os02g54340,LOC_Os02g54340.1,0.53,0.22
LOC_Os08g45010,LOC_Os08g45010.1,0.53,-0.18
LOC_Os01g54520,LOC_Os01g54520.1,0.53,-0.36
LOC_Os04g55040,LOC_Os04g55040.1,0.53,0.31
LOC_Os08g27850,LOC_Os08g27850.1,0.53,-0.11
LOC_Os05g06430,LOC_Os05g06430.1,0.54,0.24
LOC_Os05g49180,LOC_Os05g49180.1,0.54,0.22
LOC_Os03g17310,LOC_Os03g17310.1,0.54,0.33
LOC_Os02g07120,LOC_Os02g07120.1,0.54,0.19
LOC_Os05g33210,LOC_Os05g33210.2,0.54,-0.3
LOC_Os08g40250,LOC_Os08g40250.1,0.54,0.65
LOC_Os04g51796,LOC_Os04g51796.3,0.54,-0.15
LOC_Os03g04110,LOC_Os03g04110.1,0.54,0.28
LOC_Os10g32550,LOC_Os10g32550.1,0.54,-0.12
LOC_Os07g11900,LOC_Os07g11900.1,0.54,0.35
LOC_Os04g56580,LOC_Os04g56580.1,0.54,0.28
LOC_Os04g41960,LOC_Os04g41960.1,0.54,-0.21
LOC_Os12g36194,LOC_Os12g36194.1,0.54,-0.05
LOC_Os05g51480,LOC_Os05g51480.1,0.54,-0.23
LOC_Os01g55770,LOC_Os01g55770.1,0.54,0.34
LOC_Os06g07090,LOC_Os06g07090.1,0.54,0.27
LOC_Os06g02510,LOC_Os06g02510.1,0.54,-0.35
LOC_Os02g07490,LOC_Os02g07490.1,0.54,-0.18
LOC_Os01g11570,LOC_Os01g11570.1,0.54,-0.31
LOC_Os07g06950,LOC_Os07g06950.1,0.54,-0.31
LOC_Os01g37832,LOC_Os01g37832.1,0.54,-0.37
LOC_Os10g11810,LOC_Os10g11810.1,0.54,-0.16
LOC_Os08g43090,LOC_Os08g43090.1,0.55,-0.17
LOC_Os11g39650,LOC_Os11g39650.1,0.55,0.25
LOC_Os12g12850,LOC_Os12g12850.1,0.55,0.28
LOC_Os07g39780,LOC_Os07g39780.1,0.55,-0.21
LOC_Os03g60460,LOC_Os03g60460.1,0.55,0.37
LOC_Os04g33150,LOC_Os04g33150.1,0.55,0.29
LOC_Os02g07410,LOC_Os02g07410.1,0.55,0.42
LOC_Os05g22940,LOC_Os05g22940.1,0.55,-0.26
LOC_Os09g32650,LOC_Os09g32650.1,0.55,0.16
LOC_Os03g10340,LOC_Os03g10340.1,0.55,0.46
LOC_Os08g32980,LOC_Os08g32980.1,0.56,-0.34
LOC_Os11g01380,LOC_Os11g01380.1,0.56,0.19
LOC_Os06g08080,LOC_Os06g08080.1,0.56,0.38
LOC_Os07g44620,LOC_Os07g44620.1,0.56,0.47
LOC_Os05g26902,LOC_Os05g26902.1,0.56,0.37
LOC_Os01g64520,LOC_Os01g64520.1,0.56,0.5
LOC_Os08g01760,LOC_Os08g01760.1,0.56,-0.26
LOC_Os03g59590,LOC_Os03g59590.1,0.56,0.32
LOC_Os03g14180,LOC_Os03g14180.1,0.56,-0.33
LOC_Os01g74520,LOC_Os01g74520.1,0.56,0.34
LOC_Os07g47670,LOC_Os07g47670.1,0.56,-0.22
LOC_Os11g24560,LOC_Os11g24560.1,0.57,0.34
LOC_Os07g05580,LOC_Os07g05580.1,0.57,0.26
LOC_Os08g23110,LOC_Os08g23110.1,0.57,-0.23
LOC_Os02g30460,LOC_Os02g30460.1,0.57,-0.38
LOC_Os02g44630,LOC_Os02g44630.1,0.57,0.39
LOC_Os03g59050,LOC_Os03g59050.1,0.57,-0.24
LOC_Os02g10810,LOC_Os02g10810.1,0.57,0.47
LOC_Os04g48490,LOC_Os04g48490.1,0.57,0.19
LOC_Os01g65090,LOC_Os01g65090.1,0.57,0.22
LOC_Os08g12840,LOC_Os08g12840.1,0.57,-0.17
LOC_Os11g37080,LOC_Os11g37080.1,0.57,0.25
LOC_Os08g43540,LOC_Os08g43540.1,0.57,0.16
LOC_Os08g28670,LOC_Os08g28670.1,0.57,-0.18
LOC_Os04g58550,LOC_Os04g58550.1,0.57,0.38
LOC_Os05g47890,LOC_Os05g47890.1,0.57,-0.15
LOC_Os03g14900,LOC_Os03g14900.1,0.57,0.34
LOC_Os03g44310,LOC_Os03g44310.1,0.57,-0.2
LOC_Os04g34440,LOC_Os04g34440.1,0.57,-0.12
LOC_Os05g26350,LOC_Os05g26350.1,0.57,0.28
LOC_Os09g32526,LOC_Os09g32526.1,0.57,-0.14
LOC_Os08g22354,LOC_Os08g22354.1,0.57,-0.22
LOC_Os08g25734,LOC_Os08g25734.1,0.57,0.25
LOC_Os10g25780,LOC_Os10g25780.2,0.57,0.27
LOC_Os01g09010,LOC_Os01g09010.1,0.57,0.18
LOC_Os02g11040,LOC_Os02g11040.1,0.57,-0.25
LOC_Os06g19660,LOC_Os06g19660.1,0.57,-0.22
LOC_Os12g33958,LOC_Os12g33958.1,0.57,0.13
LOC_Os02g44500,LOC_Os02g44500.1,0.57,-0.23
LOC_Os02g42210,LOC_Os02g42210.1,0.57,-0.34
LOC_Os03g55090,LOC_Os03g55090.1,0.58,-0.21
LOC_Os03g30790,LOC_Os03g30790.1,0.58,0.34
LOC_Os02g46962,LOC_Os02g46962.1,0.58,0.14
LOC_Os03g18220,LOC_Os03g18220.1,0.58,0.14
LOC_Os11g20790,LOC_Os11g20790.1,0.58,0.27
LOC_Os03g21080,LOC_Os03g21080.1,0.58,0.17
LOC_Os01g72340,LOC_Os01g72340.1,0.58,-0.29
LOC_Os11g48040,LOC_Os11g48040.1,0.58,-0.41
LOC_Os06g39760,LOC_Os06g39760.1,0.58,0.28
LOC_Os04g33220,LOC_Os04g33220.1,0.58,0.37
LOC_Os06g06820,LOC_Os06g06820.1,0.58,0.23
LOC_Os02g10510,LOC_Os02g10510.1,0.58,0.28
LOC_Os11g03470,LOC_Os11g03470.3,0.58,-0.17
LOC_Os05g05700,LOC_Os05g05700.1,0.58,0.35
LOC_Os08g09350,LOC_Os08g09350.1,0.58,-0.3
LOC_Os02g38220,LOC_Os02g38220.1,0.58,0.32
LOC_Os04g44470,LOC_Os04g44470.1,0.58,0.22
LOC_Os03g37970,LOC_Os03g37970.1,0.58,0.26
LOC_Os05g04630,LOC_Os05g04630.1,0.58,0.24
LOC_Os09g37600,LOC_Os09g37600.1,0.58,-0.21
LOC_Os02g02990,LOC_Os02g02990.1,0.59,-0.18
LOC_Os01g03070,LOC_Os01g03070.1,0.59,-0.28
LOC_Os06g20370,LOC_Os06g20370.1,0.59,-0.25
LOC_Os04g36890,LOC_Os04g36890.1,0.59,0.32
LOC_Os03g49190,LOC_Os03g49190.1,0.59,-0.17
LOC_Os02g38840,LOC_Os02g38840.1,0.59,-0.11
LOC_Os04g39040,LOC_Os04g39040.1,0.59,0.22
LOC_Os02g35940,LOC_Os02g35940.1,0.59,0.24
LOC_Os07g10500,LOC_Os07g10500.1,0.59,-0.34
LOC_Os08g41810,LOC_Os08g41810.1,0.59,-0.18
LOC_Os08g05570,LOC_Os08g05570.3,0.59,0.2
LOC_Os06g34710,LOC_Os06g34710.1,0.59,-0.33
LOC_Os09g32800,LOC_Os09g32800.1,0.59,0.33
LOC_Os03g63410,LOC_Os03g63410.1,0.59,0.23
LOC_Os06g04270,LOC_Os06g04270.1,0.59,0.24
LOC_Os03g60939,LOC_Os03g60939.1,0.59,0.28
LOC_Os01g64090,LOC_Os01g64090.1,0.59,0.29
LOC_Os08g37490,LOC_Os08g37490.1,0.59,-0.35
LOC_Os01g47410,LOC_Os01g47410.1,0.6,-0.29
LOC_Os03g32314,LOC_Os03g32314.1,0.6,0.18
LOC_Os12g35360,LOC_Os12g35360.1,0.6,-0.31
LOC_Os05g33100,LOC_Os05g33100.1,0.6,-0.23
LOC_Os08g04280,LOC_Os08g04280.2,0.6,0.32
LOC_Os05g41440,LOC_Os05g41440.1,0.6,0.19
LOC_Os04g44560,LOC_Os04g44560.1,0.6,-0.28
LOC_Os04g53670,LOC_Os04g53670.1,0.6,0.17
LOC_Os03g63940,LOC_Os03g63940.1,0.6,0.23
LOC_Os09g26730,LOC_Os09g26730.1,0.6,0.25
LOC_Os01g49290,LOC_Os01g49290.1,0.6,-0.11
LOC_Os06g01630,LOC_Os06g01630.3,0.6,-0.33
LOC_Os01g09000,LOC_Os01g09000.1,0.6,0.39
LOC_Os03g60620,LOC_Os03g60620.1,0.6,-0.24
LOC_Os04g32070,LOC_Os04g32070.1,0.6,-0.13
LOC_Os01g69250,LOC_Os01g69250.1,0.6,0.28
LOC_Os07g46370,LOC_Os07g46370.1,0.6,0.15
LOC_Os03g37270,LOC_Os03g37270.1,0.61,0.3
LOC_Os12g25700,LOC_Os12g25700.1,0.61,0.25
LOC_Os05g25640,LOC_Os05g25640.1,0.61,0.27
LOC_Os04g34100,LOC_Os04g34100.1,0.61,-0.14
LOC_Os06g10430,LOC_Os06g10430.3,0.61,0.18
LOC_Os06g17840,LOC_Os06g17840.1,0.61,-0.27
LOC_Os02g42320,LOC_Os02g42320.1,0.61,0.32
LOC_Os01g73880,LOC_Os01g73880.1,0.61,0.25
LOC_Os05g51220,LOC_Os05g51220.1,0.61,-0.22
LOC_Os01g37960,LOC_Os01g37960.1,0.61,0.23
LOC_Os01g11230,LOC_Os01g11230.1,0.61,0.28
LOC_Os10g13800,LOC_Os10g13800.1,0.61,-0.18
LOC_Os05g38400,LOC_Os05g38400.1,0.61,0.38
LOC_Os03g22340,LOC_Os03g22340.1,0.61,0.3
LOC_Os03g61630,LOC_Os03g61630.1,0.61,0.19
LOC_Os07g07550,LOC_Os07g07550.1,0.61,0.24
LOC_Os02g48390,LOC_Os02g48390.1,0.61,-0.18
LOC_Os06g22070,LOC_Os06g22070.1,0.61,0.38
LOC_Os02g48480,LOC_Os02g48480.1,0.61,0.26
LOC_Os01g37770,LOC_Os01g37770.1,0.61,-0.26
LOC_Os08g08840,LOC_Os08g08840.1,0.62,0.15
LOC_Os01g66560,LOC_Os01g66560.1,0.62,0.19
LOC_Os04g57010,LOC_Os04g57010.1,0.62,-0.25
LOC_Os02g16550,LOC_Os02g16550.1,0.62,0.8
LOC_Os06g49480,LOC_Os06g49480.1,0.62,0.23
LOC_Os02g49090,LOC_Os02g49090.1,0.62,-0.31
LOC_Os08g39140,LOC_Os08g39140.1,0.62,0.16
LOC_Os06g12030,LOC_Os06g12030.1,0.62,0.16
LOC_Os02g45070,LOC_Os02g45070.1,0.62,-0.23
LOC_Os02g52430,LOC_Os02g52430.1,0.62,0.19
LOC_Os05g31000,LOC_Os05g31000.1,0.63,0.22
LOC_Os03g28410,LOC_Os03g28410.1,0.63,-0.16
LOC_Os06g51150,LOC_Os06g51150.1,0.63,0.17
LOC_Os06g06030,LOC_Os06g06030.1,0.63,0.27
LOC_Os02g04320,LOC_Os02g04320.1,0.63,-0.4
LOC_Os10g38489,LOC_Os10g38489.1,0.63,0.23
LOC_Os03g04220,LOC_Os03g04220.1,0.63,-0.21
LOC_Os09g39550,LOC_Os09g39550.1,0.63,0.33
LOC_Os02g50210,LOC_Os02g50210.1,0.63,0.39
LOC_Os07g48490,LOC_Os07g48490.2,0.63,0.16
LOC_Os08g44770,LOC_Os08g44770.1,0.63,-0.31
LOC_Os03g60740,LOC_Os03g60740.1,0.63,-0.36
LOC_Os08g07830,LOC_Os08g07830.1,0.63,0.21
LOC_Os05g23720,LOC_Os05g23720.1,0.63,0.21
LOC_Os09g30418,LOC_Os09g30418.1,0.63,-0.15
LOC_Os08g44840,LOC_Os08g44840.1,0.63,-0.38
LOC_Os05g05940,LOC_Os05g05940.1,0.63,-0.33
LOC_Os12g36640,LOC_Os12g36640.1,0.63,0.27
LOC_Os02g47140,LOC_Os02g47140.1,0.63,0.1
LOC_Os10g42299,LOC_Os10g42299.3,0.64,0.39
LOC_Os03g15780,LOC_Os03g15780.1,0.64,-0.17
LOC_Os07g14280,LOC_Os07g14280.1,0.64,0.24
LOC_Os08g39070,LOC_Os08g39070.1,0.64,0.21
LOC_Os06g45710,LOC_Os06g45710.1,0.64,0.14
LOC_Os07g40620,LOC_Os07g40620.1,0.64,-0.16
LOC_Os08g25090,LOC_Os08g25090.2,0.64,0.15
LOC_Os01g50960,LOC_Os01g50960.1,0.64,-0.36
LOC_Os02g06370,LOC_Os02g06370.1,0.64,-0.36
LOC_Os03g07180,LOC_Os03g07180.1,0.64,-0.34
LOC_Os04g50204,LOC_Os04g50204.1,0.64,0.33
LOC_Os05g08840,LOC_Os05g08840.1,0.64,-0.18
LOC_Os02g01280,LOC_Os02g01280.1,0.64,-0.35
LOC_Os02g14860,LOC_Os02g14860.1,0.64,0.19
LOC_Os11g03400,LOC_Os11g03400.1,0.64,0.18
LOC_Os01g42880,LOC_Os01g42880.1,0.64,-0.23
LOC_Os03g18810,LOC_Os03g18810.1,0.64,-0.15
LOC_Os02g50820,LOC_Os02g50820.1,0.64,0.27
LOC_Os11g33330,LOC_Os11g33330.1,0.64,-0.2
LOC_Os05g23740,LOC_Os05g23740.1,0.65,-0.13
LOC_Os07g06880,LOC_Os07g06880.1,0.65,-0.17
LOC_Os03g31400,LOC_Os03g31400.1,0.65,-0.29
LOC_Os08g02640,LOC_Os08g02640.2,0.65,0.31
LOC_Os01g70960,LOC_Os01g70960.1,0.65,0.26
LOC_Os06g42560,LOC_Os06g42560.1,0.65,-0.29
LOC_Os09g33986,LOC_Os09g33986.1,0.65,0.28
LOC_Os04g58720,LOC_Os04g58720.1,0.65,0.42
LOC_Os02g04710,LOC_Os02g04710.1,0.65,-0.24
LOC_Os10g35720,LOC_Os10g35720.1,0.65,0.19
LOC_Os03g06980,LOC_Os03g06980.1,0.66,0.15
LOC_Os01g24680,LOC_Os01g24680.1,0.66,0.13
LOC_Os10g39610,LOC_Os10g39610.2,0.66,0.28
LOC_Os03g61970,LOC_Os03g61970.1,0.66,-0.32
LOC_Os05g28190,LOC_Os05g28190.1,0.66,0.15
LOC_Os03g53950,LOC_Os03g53950.1,0.66,0.18
LOC_Os10g42280,LOC_Os10g42280.1,0.66,-0.23
LOC_Os03g07100,LOC_Os03g07100.1,0.66,0.34
LOC_Os04g42580,LOC_Os04g42580.1,0.66,0.23
LOC_Os04g42320,LOC_Os04g42320.1,0.66,0.17
LOC_Os07g47510,LOC_Os07g47510.1,0.66,0.2
LOC_Os07g46790,LOC_Os07g46790.1,0.66,-0.19
LOC_Os07g02350,LOC_Os07g02350.1,0.66,0.28
LOC_Os03g31750,LOC_Os03g31750.1,0.66,-0.18
LOC_Os06g35470,LOC_Os06g35470.1,0.66,0.2
LOC_Os10g33800,LOC_Os10g33800.1,0.66,-0.19
LOC_Os06g06790,LOC_Os06g06790.1,0.66,-0.12
LOC_Os03g41419,LOC_Os03g41419.1,0.66,-0.17
LOC_Os08g40790,LOC_Os08g40790.1,0.66,0.22
LOC_Os04g39150,LOC_Os04g39150.1,0.66,0.36
LOC_Os06g30060,LOC_Os06g30060.1,0.66,0.32
LOC_Os03g59700,LOC_Os03g59700.1,0.66,0.39
LOC_Os05g49890,LOC_Os05g49890.1,0.67,-0.2
LOC_Os03g18720,LOC_Os03g18720.1,0.67,0.32
LOC_Os03g22690,LOC_Os03g22690.1,0.67,0.19
LOC_Os01g36090,LOC_Os01g36090.1,0.67,0.12
LOC_Os03g24600,LOC_Os03g24600.1,0.67,0.22
LOC_Os01g71300,LOC_Os01g71300.1,0.67,-0.23
LOC_Os01g03360,LOC_Os01g03360.1,0.67,-0.14
LOC_Os01g59600,LOC_Os01g59600.1,0.67,0.22
LOC_Os03g59310,LOC_Os03g59310.1,0.67,0.21
LOC_Os03g22570,LOC_Os03g22570.1,0.67,-0.14
LOC_Os01g19450,LOC_Os01g19450.1,0.67,-0.14
LOC_Os09g06230,LOC_Os09g06230.1,0.67,0.31
LOC_Os05g27920,LOC_Os05g27920.1,0.67,0.22
LOC_Os01g46750,LOC_Os01g46750.1,0.67,0.16
LOC_Os01g50450,LOC_Os01g50450.1,0.67,0.2
LOC_Os11g41130,LOC_Os11g41130.2,0.67,0.12
LOC_Os03g64210,LOC_Os03g64210.1,0.67,-0.12
LOC_Os07g33240,LOC_Os07g33240.1,0.67,-0.19
LOC_Os05g45950,LOC_Os05g45950.1,0.67,-0.2
LOC_Os03g63670,LOC_Os03g63670.1,0.67,0.19
LOC_Os02g12800,LOC_Os02g12800.1,0.67,-0.11
LOC_Os12g30540,LOC_Os12g30540.1,0.67,0.22
LOC_Os08g43190,LOC_Os08g43190.1,0.68,0.12
LOC_Os02g11060,LOC_Os02g11060.1,0.68,-0.17
LOC_Os03g26460,LOC_Os03g26460.1,0.68,0.2
LOC_Os03g52310,LOC_Os03g52310.1,0.68,-0.23
LOC_Os01g70770,LOC_Os01g70770.1,0.68,0.47
LOC_Os09g19734,LOC_Os09g19734.1,0.68,-0.16
LOC_Os03g11200,LOC_Os03g11200.1,0.68,-0.25
LOC_Os02g07260,LOC_Os02g07260.1,0.68,0.19
LOC_Os10g27190,LOC_Os10g27190.1,0.68,0.16
LOC_Os06g01680,LOC_Os06g01680.1,0.68,0.24
LOC_Os01g46070,LOC_Os01g46070.1,0.68,-0.19
LOC_Os03g61930,LOC_Os03g61930.1,0.68,0.28
LOC_Os01g62040,LOC_Os01g62040.1,0.68,0.1
LOC_Os11g24570,LOC_Os11g24570.1,0.68,0.11
LOC_Os10g41440,LOC_Os10g41440.1,0.69,-0.05
LOC_Os03g11220,LOC_Os03g11220.1,0.69,0.28
LOC_Os01g45190,LOC_Os01g45190.1,0.69,-0.28
LOC_Os05g49440,LOC_Os05g49440.2,0.69,-0.22
LOC_Os07g10250,LOC_Os07g10250.1,0.69,-0.17
LOC_Os12g39660,LOC_Os12g39660.1,0.69,0.4
LOC_Os09g28050,LOC_Os09g28050.1,0.69,-0.15
LOC_Os07g34589,LOC_Os07g34589.2,0.69,0.21
LOC_Os06g50300,LOC_Os06g50300.1,0.69,-0.16
LOC_Os12g28270,LOC_Os12g28270.1,0.69,0.16
LOC_Os01g08410,LOC_Os01g08410.1,0.69,0.21
LOC_Os12g40880,LOC_Os12g40880.1,0.69,0.23
LOC_Os05g49880,LOC_Os05g49880.2,0.69,-0.22
LOC_Os03g04260,LOC_Os03g04260.1,0.69,0.24
LOC_Os04g33060,LOC_Os04g33060.1,0.69,0.28
LOC_Os11g04220,LOC_Os11g04220.1,0.69,-0.29
LOC_Os02g21660,LOC_Os02g21660.1,0.7,0.3
LOC_Os10g35050,LOC_Os10g35050.1,0.7,-0.18
LOC_Os03g61920,LOC_Os03g61920.1,0.7,-0.15
LOC_Os01g68710,LOC_Os01g68710.1,0.7,-0.06
LOC_Os05g03780,LOC_Os05g03780.1,0.7,-0.28
LOC_Os03g59300,LOC_Os03g59300.1,0.7,0.08
LOC_Os02g10080,LOC_Os02g10080.1,0.7,-0.17
LOC_Os11g03890,LOC_Os11g03890.1,0.7,0.27
LOC_Os12g38150,LOC_Os12g38150.1,0.7,0.14
LOC_Os05g09490,LOC_Os05g09490.1,0.7,0.17
LOC_Os06g30460,LOC_Os06g30460.2,0.7,-0.12
LOC_Os02g10920,LOC_Os02g10920.1,0.7,-0.16
LOC_Os04g59040,LOC_Os04g59040.1,0.7,0.17
LOC_Os04g52110,LOC_Os04g52110.1,0.7,0.21
LOC_Os05g43230,LOC_Os05g43230.1,0.7,0.22
LOC_Os09g35970,LOC_Os09g35970.1,0.7,-0.2
LOC_Os01g07810,LOC_Os01g07810.1,0.71,0.18
LOC_Os06g41384,LOC_Os06g41384.1,0.71,-0.27
LOC_Os02g11820,LOC_Os02g11820.1,0.71,0.22
LOC_Os03g10510,LOC_Os03g10510.1,0.71,0.2
LOC_Os06g19730,LOC_Os06g19730.1,0.71,0.18
LOC_Os04g46894,LOC_Os04g46894.1,0.71,-0.27
LOC_Os06g11430,LOC_Os06g11430.1,0.71,0.15
LOC_Os02g26984,LOC_Os02g26984.1,0.71,-0.16
LOC_Os03g51350,LOC_Os03g51350.1,0.71,-0.27
LOC_Os01g53000,LOC_Os01g53000.1,0.71,-0.18
LOC_Os01g53700,LOC_Os01g53700.1,0.71,-0.19
LOC_Os03g06670,LOC_Os03g06670.1,0.71,-0.41
LOC_Os07g33330,LOC_Os07g33330.1,0.72,-0.13
LOC_Os11g19250,LOC_Os11g19250.1,0.72,0.24
LOC_Os07g39710,LOC_Os07g39710.1,0.72,0.18
LOC_Os10g40540,LOC_Os10g40540.1,0.72,-0.13
LOC_Os05g47640,LOC_Os05g47640.1,0.72,-0.15
LOC_Os02g35039,LOC_Os02g35039.1,0.72,-0.17
LOC_Os10g39440,LOC_Os10g39440.1,0.72,-0.38
LOC_Os03g50885,LOC_Os03g50885.1,0.72,0.31
LOC_Os07g09060,LOC_Os07g09060.1,0.72,-0.09
LOC_Os05g46290,LOC_Os05g46290.1,0.72,0.19
LOC_Os02g37430,LOC_Os02g37430.1,0.72,0.2
LOC_Os06g04820,LOC_Os06g04820.1,0.72,-0.15
LOC_Os08g09940,LOC_Os08g09940.1,0.72,0.18
LOC_Os03g11720,LOC_Os03g11720.1,0.72,-0.2
LOC_Os03g16940,LOC_Os03g16940.1,0.72,-0.17
LOC_Os03g51140,LOC_Os03g51140.1,0.72,-0.15
LOC_Os11g29400,LOC_Os11g29400.1,0.73,0.17
LOC_Os05g51490,LOC_Os05g51490.1,0.73,0.19
LOC_Os07g11920,LOC_Os07g11920.1,0.73,-0.16
LOC_Os03g19270,LOC_Os03g19270.2,0.73,-0.18
LOC_Os03g07570,LOC_Os03g07570.1,0.73,-0.16
LOC_Os07g03230,LOC_Os07g03230.1,0.73,-0.18
LOC_Os11g34450,LOC_Os11g34450.1,0.73,0.23
LOC_Os06g46900,LOC_Os06g46900.1,0.73,-0.21
LOC_Os01g41550,LOC_Os01g41550.1,0.73,0.11
LOC_Os10g30520,LOC_Os10g30520.1,0.73,0.15
LOC_Os02g04100,LOC_Os02g04100.1,0.73,-0.16
LOC_Os12g17910,LOC_Os12g17910.1,0.73,-0.09
LOC_Os01g68324,LOC_Os01g68324.3,0.73,0.19
LOC_Os09g35730,LOC_Os09g35730.1,0.73,-0.23
LOC_Os01g73160,LOC_Os01g73160.1,0.73,-0.1
LOC_Os02g07350,LOC_Os02g07350.1,0.73,0.17
LOC_Os07g44190,LOC_Os07g44190.1,0.73,-0.13
LOC_Os12g35040,LOC_Os12g35040.1,0.73,0.11
LOC_Os07g31380,LOC_Os07g31380.1,0.73,-0.1
LOC_Os02g02410,LOC_Os02g02410.1,0.73,-0.1
LOC_Os10g26130,LOC_Os10g26130.1,0.73,0.26
LOC_Os12g27830,LOC_Os12g27830.1,0.73,0.08
LOC_Os07g15880,LOC_Os07g15880.1,0.73,-0.23
LOC_Os06g15360,LOC_Os06g15360.1,0.74,0.14
LOC_Os02g02850,LOC_Os02g02850.1,0.74,-0.17
LOC_Os12g18760,LOC_Os12g18760.2,0.74,-0.25
LOC_Os02g43760,LOC_Os02g43760.1,0.74,-0.28
LOC_Os07g08030,LOC_Os07g08030.1,0.74,-0.31
LOC_Os08g40570,LOC_Os08g40570.1,0.74,0.44
LOC_Os02g52390,LOC_Os02g52390.1,0.74,-0.21
LOC_Os09g27830,LOC_Os09g27830.1,0.74,0.09
LOC_Os09g07500,LOC_Os09g07500.1,0.74,-0.19
LOC_Os06g04290,LOC_Os06g04290.1,0.74,-0.21
LOC_Os03g61600,LOC_Os03g61600.1,0.74,0.1
LOC_Os01g74650,LOC_Os01g74650.3,0.74,0.08
LOC_Os07g09340,LOC_Os07g09340.1,0.74,0.19
LOC_Os05g14194,LOC_Os05g14194.1,0.74,-0.3
LOC_Os10g37420,LOC_Os10g37420.2,0.74,-0.12
LOC_Os01g53520,LOC_Os01g53520.1,0.74,0.2
LOC_Os01g21034,LOC_Os01g21034.1,0.74,0.06
LOC_Os11g34140,LOC_Os11g34140.1,0.74,-0.23
LOC_Os03g18510,LOC_Os03g18510.1,0.74,0.13
LOC_Os05g14170,LOC_Os05g14170.1,0.75,0.23
LOC_Os10g38740,LOC_Os10g38740.1,0.75,0.29
LOC_Os12g01530,LOC_Os12g01530.1,0.75,-0.24
LOC_Os11g06390,LOC_Os11g06390.1,0.75,0.13
LOC_Os12g32200,LOC_Os12g32200.1,0.75,-0.16
LOC_Os01g53910,LOC_Os01g53910.1,0.75,-0.18
LOC_Os09g12600,LOC_Os09g12600.1,0.75,-0.12
LOC_Os01g19820,LOC_Os01g19820.1,0.75,0.15
LOC_Os10g42840,LOC_Os10g42840.1,0.75,-0.18
LOC_Os07g47710,LOC_Os07g47710.1,0.76,0.31
LOC_Os03g50340,LOC_Os03g50340.1,0.76,0.15
LOC_Os03g24220,LOC_Os03g24220.1,0.76,0.21
LOC_Os01g53680,LOC_Os01g53680.1,0.76,0.16
LOC_Os01g01307,LOC_Os01g01307.1,0.76,-0.17
LOC_Os09g15520,LOC_Os09g15520.1,0.76,0.15
LOC_Os02g44510,LOC_Os02g44510.1,0.76,-0.11
LOC_Os01g43030,LOC_Os01g43030.1,0.76,-0.1
LOC_Os10g40780,LOC_Os10g40780.1,0.77,-0.26
LOC_Os06g44910,LOC_Os06g44910.1,0.77,-0.21
LOC_Os04g42010,LOC_Os04g42010.1,0.77,0.33
LOC_Os03g56810,LOC_Os03g56810.1,0.77,0.21
LOC_Os03g53270,LOC_Os03g53270.1,0.77,0.16
LOC_Os02g03260,LOC_Os02g03260.1,0.77,0.09
LOC_Os05g06500,LOC_Os05g06500.1,0.77,0.08
LOC_Os05g44310,LOC_Os05g44310.1,0.77,-0.07
LOC_Os02g32030,LOC_Os02g32030.1,0.77,-0.14
LOC_Os09g04100,LOC_Os09g04100.1,0.77,0.19
LOC_Os01g09890,LOC_Os01g09890.1,0.77,0.19
LOC_Os12g38000,LOC_Os12g38000.1,0.77,-0.14
LOC_Os01g67860,LOC_Os01g67860.1,0.77,0.12
LOC_Os07g42910,LOC_Os07g42910.1,0.77,0.15
LOC_Os12g14070,LOC_Os12g14070.1,0.78,0.14
LOC_Os03g61050,LOC_Os03g61050.1,0.78,-0.16
LOC_Os05g46480,LOC_Os05g46480.1,0.78,-0.11
LOC_Os03g32630,LOC_Os03g32630.1,0.78,-0.12
LOC_Os02g21970,LOC_Os02g21970.1,0.78,-0.08
LOC_Os01g16152,LOC_Os01g16152.1,0.78,0.06
LOC_Os04g54810,LOC_Os04g54810.1,0.78,-0.08
LOC_Os04g10400,LOC_Os04g10400.1,0.78,0.09
LOC_Os02g24720,LOC_Os02g24720.1,0.78,0.22
LOC_Os06g10890,LOC_Os06g10890.1,0.78,0.1
LOC_Os05g02520,LOC_Os05g02520.1,0.78,0.09
LOC_Os03g44484,LOC_Os03g44484.1,0.78,-0.11
LOC_Os03g29180,LOC_Os03g29180.1,0.78,-0.08
LOC_Os09g15820,LOC_Os09g15820.1,0.78,-0.16
LOC_Os03g60550,LOC_Os03g60550.1,0.78,-0.09
LOC_Os09g23730,LOC_Os09g23730.1,0.78,-0.34
LOC_Os09g23650,LOC_Os09g23650.1,0.79,0.27
LOC_Os03g27320,LOC_Os03g27320.1,0.79,0.11
LOC_Os02g53420,LOC_Os02g53420.1,0.79,0.1
LOC_Os05g50940,LOC_Os05g50940.1,0.79,-0.13
LOC_Os06g11620,LOC_Os06g11620.1,0.79,-0.21
LOC_Os03g53900,LOC_Os03g53900.1,0.79,-0.11
LOC_Os01g47430,LOC_Os01g47430.1,0.79,0.11
LOC_Os01g04330,LOC_Os01g04330.1,0.79,0.12
LOC_Os06g02240,LOC_Os06g02240.1,0.79,0.15
LOC_Os06g37660,LOC_Os06g37660.1,0.79,0.04
LOC_Os06g44270,LOC_Os06g44270.1,0.79,-0.19
LOC_Os01g64690,LOC_Os01g64690.1,0.79,0.13
LOC_Os04g18200,LOC_Os04g18200.1,0.79,0.11
LOC_Os03g31090,LOC_Os03g31090.1,0.79,-0.1
LOC_Os01g19470,LOC_Os01g19470.1,0.79,-0.08
LOC_Os02g01010,LOC_Os02g01010.1,0.79,-0.08
LOC_Os05g31490,LOC_Os05g31490.1,0.79,0.17
LOC_Os07g44440,LOC_Os07g44440.1,0.8,-0.18
LOC_Os10g20630,LOC_Os10g20630.1,0.8,-0.13
LOC_Os02g58020,LOC_Os02g58020.1,0.8,-0.09
LOC_Os05g51140,LOC_Os05g51140.2,0.8,0.2
LOC_Os04g56740,LOC_Os04g56740.1,0.8,0.18
LOC_Os02g12650,LOC_Os02g12650.1,0.8,-0.11
LOC_Os07g46990,LOC_Os07g46990.1,0.8,0.09
LOC_Os01g08760,LOC_Os01g08760.1,0.8,0.17
LOC_Os05g05740,LOC_Os05g05740.1,0.8,-0.15
LOC_Os02g29480,LOC_Os02g29480.1,0.8,0.24
LOC_Os12g10784,LOC_Os12g10784.1,0.8,0.17
LOC_Os03g15950,LOC_Os03g15950.1,0.8,-0.15
LOC_Os04g52270,LOC_Os04g52270.1,0.8,0.18
LOC_Os09g33950,LOC_Os09g33950.1,0.8,0.14
LOC_Os02g55030,LOC_Os02g55030.1,0.8,0.13
LOC_Os09g02700,LOC_Os09g02700.1,0.8,-0.05
LOC_Os01g71770,LOC_Os01g71770.1,0.81,0.12
LOC_Os02g03100,LOC_Os02g03100.1,0.81,-0.06
LOC_Os08g06480,LOC_Os08g06480.1,0.81,0.14
LOC_Os05g28940,LOC_Os05g28940.1,0.81,-0.05
LOC_Os02g51040,LOC_Os02g51040.1,0.81,-0.16
LOC_Os06g01370,LOC_Os06g01370.1,0.81,0.1
LOC_Os01g34700,LOC_Os01g34700.1,0.81,0.12
LOC_Os01g69990,LOC_Os01g69990.1,0.81,-0.1
LOC_Os05g01480,LOC_Os05g01480.1,0.81,0.22
LOC_Os08g41990,LOC_Os08g41990.1,0.81,0.11
LOC_Os04g38900,LOC_Os04g38900.1,0.81,0.11
LOC_Os01g01450,LOC_Os01g01450.1,0.82,-0.1
LOC_Os04g51910,LOC_Os04g51910.1,0.82,0.04
LOC_Os06g49800,LOC_Os06g49800.1,0.82,0.08
LOC_Os02g35160,LOC_Os02g35160.1,0.82,-0.11
LOC_Os02g54700,LOC_Os02g54700.2,0.82,0.09
LOC_Os05g51700,LOC_Os05g51700.1,0.82,0.1
LOC_Os02g54140,LOC_Os02g54140.1,0.82,-0.08
LOC_Os07g01870,LOC_Os07g01870.1,0.82,-0.11
LOC_Os01g68670,LOC_Os01g68670.1,0.82,0.06
LOC_Os06g37000,LOC_Os06g37000.1,0.82,0.18
LOC_Os09g31180,LOC_Os09g31180.1,0.82,0.04
LOC_Os04g04020,LOC_Os04g04020.1,0.82,-0.09
LOC_Os04g58240,LOC_Os04g58240.1,0.83,-0.11
LOC_Os06g40040,LOC_Os06g40040.1,0.83,-0.13
LOC_Os01g38480,LOC_Os01g38480.1,0.83,-0.08
LOC_Os08g40110,LOC_Os08g40110.2,0.83,0.1
LOC_Os02g52140,LOC_Os02g52140.1,0.83,0.15
LOC_Os02g50350,LOC_Os02g50350.1,0.83,0.17
LOC_Os01g42870,LOC_Os01g42870.1,0.83,-0.05
LOC_Os02g12850,LOC_Os02g12850.1,0.83,0.1
LOC_Os01g15460,LOC_Os01g15460.1,0.83,-0.08
LOC_Os12g39860,LOC_Os12g39860.1,0.83,0.15
LOC_Os03g22810,LOC_Os03g22810.1,0.83,-0.11
LOC_Os03g42110,LOC_Os03g42110.1,0.83,-0.07
LOC_Os01g68810,LOC_Os01g68810.1,0.83,0.05
LOC_Os06g10770,LOC_Os06g10770.1,0.83,-0.15
LOC_Os03g08010,LOC_Os03g08010.1,0.83,0.06
LOC_Os03g26960,LOC_Os03g26960.1,0.84,0.16
LOC_Os04g31710,LOC_Os04g31710.1,0.84,-0.1
LOC_Os06g48230,LOC_Os06g48230.1,0.84,-0.06
LOC_Os01g08560,LOC_Os01g08560.1,0.84,0.1
LOC_Os02g36710,LOC_Os02g36710.1,0.84,0.12
LOC_Os02g46990,LOC_Os02g46990.1,0.84,-0.07
LOC_Os01g16430,LOC_Os01g16430.1,0.84,-0.08
LOC_Os05g28290,LOC_Os05g28290.1,0.84,-0.1
LOC_Os12g38140,LOC_Os12g38140.1,0.84,0.08
LOC_Os03g06620,LOC_Os03g06620.1,0.84,0.16
LOC_Os10g30150,LOC_Os10g30150.1,0.84,-0.07
LOC_Os02g02960,LOC_Os02g02960.1,0.84,-0.13
LOC_Os03g63400,LOC_Os03g63400.1,0.84,-0.12
LOC_Os08g25624,LOC_Os08g25624.1,0.84,-0.1
LOC_Os10g33680,LOC_Os10g33680.1,0.84,0.11
LOC_Os01g49690,LOC_Os01g49690.1,0.84,-0.08
LOC_Os02g14780,LOC_Os02g14780.1,0.84,0.06
LOC_Os01g73310,LOC_Os01g73310.1,0.84,0.07
LOC_Os04g31000,LOC_Os04g31000.1,0.84,0.08
LOC_Os08g39350,LOC_Os08g39350.1,0.84,0.06
LOC_Os03g48930,LOC_Os03g48930.1,0.84,-0.16
LOC_Os10g08930,LOC_Os10g08930.1,0.84,-0.08
LOC_Os04g32950,LOC_Os04g32950.1,0.84,0.06
LOC_Os06g29180,LOC_Os06g29180.1,0.84,-0.08
LOC_Os07g43470,LOC_Os07g43470.1,0.85,0.11
LOC_Os10g42090,LOC_Os10g42090.1,0.85,-0.13
LOC_Os08g02400,LOC_Os08g02400.1,0.85,0.08
LOC_Os03g57460,LOC_Os03g57460.1,0.85,-0.11
LOC_Os08g43040,LOC_Os08g43040.1,0.85,0.11
LOC_Os01g59740,LOC_Os01g59740.1,0.85,0.09
LOC_Os03g14990,LOC_Os03g14990.1,0.85,-0.07
LOC_Os02g01250,LOC_Os02g01250.1,0.85,-0.1
LOC_Os09g36450,LOC_Os09g36450.1,0.85,0.12
LOC_Os07g23880,LOC_Os07g23880.1,0.85,-0.05
LOC_Os04g56590,LOC_Os04g56590.1,0.85,0.13
LOC_Os03g12590,LOC_Os03g12590.1,0.85,-0.05
LOC_Os01g55050,LOC_Os01g55050.1,0.85,-0.07
LOC_Os09g04110,LOC_Os09g04110.1,0.85,0.07
LOC_Os07g36940,LOC_Os07g36940.1,0.86,0.12
LOC_Os05g47980,LOC_Os05g47980.1,0.86,0.04
LOC_Os05g51640,LOC_Os05g51640.1,0.86,-0.13
LOC_Os01g46980,LOC_Os01g46980.1,0.86,0.1
LOC_Os07g25420,LOC_Os07g25420.1,0.86,0.12
LOC_Os03g44150,LOC_Os03g44150.1,0.86,0.06
LOC_Os07g30840,LOC_Os07g30840.1,0.86,0.09
LOC_Os08g42560,LOC_Os08g42560.1,0.86,0.04
LOC_Os03g58700,LOC_Os03g58700.1,0.86,-0.06
LOC_Os02g33080,LOC_Os02g33080.1,0.86,-0.05
LOC_Os07g39870,LOC_Os07g39870.1,0.86,-0.08
LOC_Os02g44870,LOC_Os02g44870.1,0.86,-0.08
LOC_Os02g32660,LOC_Os02g32660.1,0.87,-0.1
LOC_Os01g64280,LOC_Os01g64280.1,0.87,0.06
LOC_Os09g07300,LOC_Os09g07300.1,0.87,-0.12
LOC_Os03g48850,LOC_Os03g48850.1,0.87,-0.1
LOC_Os03g57420,LOC_Os03g57420.1,0.87,0.07
LOC_Os01g64630,LOC_Os01g64630.1,0.87,0.15
LOC_Os07g38760,LOC_Os07g38760.1,0.87,0.11
LOC_Os07g47420,LOC_Os07g47420.1,0.87,-0.1
LOC_Os05g03820,LOC_Os05g03820.1,0.87,-0.08
LOC_Os02g24354,LOC_Os02g24354.1,0.87,0.07
LOC_Os02g01332,LOC_Os02g01332.1,0.87,0.04
LOC_Os07g28480,LOC_Os07g28480.1,0.87,0.1
LOC_Os08g33440,LOC_Os08g33440.1,0.87,-0.03
LOC_Os01g18070,LOC_Os01g18070.1,0.88,0.09
LOC_Os10g41470,LOC_Os10g41470.1,0.88,0.07
LOC_Os01g02020,LOC_Os01g02020.1,0.88,-0.08
LOC_Os04g26841,LOC_Os04g26841.1,0.88,0.18
LOC_Os05g38230,LOC_Os05g38230.1,0.88,-0.08
LOC_Os01g13430,LOC_Os01g13430.1,0.88,-0.1
LOC_Os03g57340,LOC_Os03g57340.1,0.88,0.07
LOC_Os07g08840,LOC_Os07g08840.1,0.88,-0.07
LOC_Os01g63780,LOC_Os01g63780.1,0.88,-0.13
LOC_Os02g38210,LOC_Os02g38210.1,0.88,0.05
LOC_Os03g06740,LOC_Os03g06740.1,0.88,-0.15
LOC_Os12g42980,LOC_Os12g42980.1,0.88,0.1
LOC_Os01g55270,LOC_Os01g55270.1,0.88,-0.11
LOC_Os08g37320,LOC_Os08g37320.1,0.88,-0.09
LOC_Os03g36780,LOC_Os03g36780.1,0.88,0.05
LOC_Os06g50000,LOC_Os06g50000.1,0.88,0.07
LOC_Os07g22350,LOC_Os07g22350.1,0.88,0.03
LOC_Os03g18580,LOC_Os03g18580.1,0.88,0.05
LOC_Os01g71230,LOC_Os01g71230.1,0.88,-0.09
LOC_Os12g32986,LOC_Os12g32986.1,0.88,0.07
LOC_Os02g10260,LOC_Os02g10260.1,0.88,-0.05
LOC_Os07g10830,LOC_Os07g10830.1,0.88,0.08
LOC_Os01g66180,LOC_Os01g66180.1,0.89,0.08
LOC_Os07g08330,LOC_Os07g08330.1,0.89,0.08
LOC_Os03g58050,LOC_Os03g58050.1,0.89,0.06
LOC_Os04g45970,LOC_Os04g45970.2,0.89,0.07
LOC_Os10g10990,LOC_Os10g10990.1,0.89,-0.07
LOC_Os04g01250,LOC_Os04g01250.1,0.89,0.07
LOC_Os05g23860,LOC_Os05g23860.1,0.89,-0.09
LOC_Os03g60509,LOC_Os03g60509.2,0.89,0.06
LOC_Os06g13820,LOC_Os06g13820.1,0.89,0.1
LOC_Os02g56960,LOC_Os02g56960.1,0.89,0.04
LOC_Os03g64080,LOC_Os03g64080.1,0.89,0.06
LOC_Os03g42320,LOC_Os03g42320.1,0.89,0.06
LOC_Os03g48110,LOC_Os03g48110.1,0.89,-0.05
LOC_Os01g21160,LOC_Os01g21160.1,0.89,0.06
LOC_Os08g42050,LOC_Os08g42050.1,0.89,0.1
LOC_Os06g42000,LOC_Os06g42000.1,0.89,-0.04
LOC_Os01g43630,LOC_Os01g43630.1,0.89,-0.06
LOC_Os07g49150,LOC_Os07g49150.1,0.89,-0.17
LOC_Os01g62260,LOC_Os01g62260.1,0.89,0.1
LOC_Os05g30750,LOC_Os05g30750.1,0.89,-0.09
LOC_Os07g31720,LOC_Os07g31720.1,0.89,-0.08
LOC_Os08g44430,LOC_Os08g44430.1,0.9,0.11
LOC_Os06g44190,LOC_Os06g44190.1,0.9,0.1
LOC_Os01g08350,LOC_Os01g08350.1,0.9,-0.02
LOC_Os05g36120,LOC_Os05g36120.1,0.9,0.09
LOC_Os01g07760,LOC_Os01g07760.1,0.9,-0.06
LOC_Os03g52770,LOC_Os03g52770.1,0.9,-0.05
LOC_Os05g32530,LOC_Os05g32530.1,0.9,0.06
LOC_Os05g07700,LOC_Os05g07700.1,0.9,-0.09
LOC_Os02g07720,LOC_Os02g07720.2,0.9,0.05
LOC_Os10g35870,LOC_Os10g35870.1,0.9,0.06
LOC_Os06g51220,LOC_Os06g51220.2,0.9,0.09
LOC_Os09g30412,LOC_Os09g30412.1,0.9,-0.07
LOC_Os07g46460,LOC_Os07g46460.1,0.9,-0.05
LOC_Os07g42810,LOC_Os07g42810.1,0.9,-0.08
LOC_Os04g30760,LOC_Os04g30760.1,0.91,0.04
LOC_Os03g64110,LOC_Os03g64110.1,0.91,-0.06
LOC_Os05g01450,LOC_Os05g01450.1,0.91,-0.05
LOC_Os02g57630,LOC_Os02g57630.1,0.91,0.05
LOC_Os06g36710,LOC_Os06g36710.1,0.91,0.07
LOC_Os08g44520,LOC_Os08g44520.1,0.91,-0.04
LOC_Os02g05030,LOC_Os02g05030.1,0.91,-0.05
LOC_Os09g37006,LOC_Os09g37006.1,0.91,0.06
LOC_Os07g30970,LOC_Os07g30970.1,0.91,0.07
LOC_Os07g07040,LOC_Os07g07040.1,0.91,-0.09
LOC_Os06g08770,LOC_Os06g08770.1,0.92,0.04
LOC_Os09g39380,LOC_Os09g39380.1,0.92,-0.04
LOC_Os02g54770,LOC_Os02g54770.1,0.92,0.02
LOC_Os07g05400,LOC_Os07g05400.1,0.92,0.11
LOC_Os01g32364,LOC_Os01g32364.1,0.92,-0.04
LOC_Os12g41400,LOC_Os12g41400.1,0.92,-0.04
LOC_Os12g05410,LOC_Os12g05410.1,0.92,-0.06
LOC_Os08g06430,LOC_Os08g06430.1,0.92,-0.05
LOC_Os12g40560,LOC_Os12g40560.1,0.92,-0.02
LOC_Os06g22960,LOC_Os06g22960.1,0.92,0.04
LOC_Os04g57950,LOC_Os04g57950.1,0.92,0.04
LOC_Os04g46200,LOC_Os04g46200.1,0.92,-0.04
LOC_Os08g02690,LOC_Os08g02690.1,0.93,0.03
LOC_Os01g08200,LOC_Os01g08200.1,0.93,0.04
LOC_Os05g05830,LOC_Os05g05830.1,0.93,0.04
LOC_Os01g16890,LOC_Os01g16890.1,0.93,-0.04
LOC_Os03g46490,LOC_Os03g46490.1,0.93,0.03
LOC_Os07g45090,LOC_Os07g45090.1,0.93,0.02
LOC_Os02g32120,LOC_Os02g32120.1,0.93,-0.06
LOC_Os01g21850,LOC_Os01g21850.1,0.93,0.06
LOC_Os12g07300,LOC_Os12g07300.1,0.93,0.05
LOC_Os06g06290,LOC_Os06g06290.1,0.93,-0.06
LOC_Os05g49200,LOC_Os05g49200.1,0.93,-0.03
LOC_Os03g63740,LOC_Os03g63740.1,0.93,-0.04
LOC_Os03g52690,LOC_Os03g52690.2,0.94,0.06
LOC_Os01g13700,LOC_Os01g13700.1,0.94,0.04
LOC_Os12g19040,LOC_Os12g19040.1,0.94,0.04
LOC_Os01g07070,LOC_Os01g07070.1,0.94,-0.02
LOC_Os04g32330,LOC_Os04g32330.1,0.94,0.03
LOC_Os10g38710,LOC_Os10g38710.1,0.94,-0.05
LOC_Os05g49880,LOC_Os05g49880.1,0.94,-0.03
LOC_Os04g01290,LOC_Os04g01290.1,0.94,0.03
LOC_Os01g67134,LOC_Os01g67134.1,0.94,0.03
LOC_Os01g36860,LOC_Os01g36860.1,0.94,0.03
LOC_Os12g13320,LOC_Os12g13320.1,0.94,-0.02
LOC_Os02g46150,LOC_Os02g46150.1,0.94,-0.02
LOC_Os02g06700,LOC_Os02g06700.2,0.94,-0.02
LOC_Os02g05330,LOC_Os02g05330.1,0.94,-0.07
LOC_Os01g15010,LOC_Os01g15010.1,0.94,-0.02
LOC_Os05g33570,LOC_Os05g33570.1,0.94,-0.03
LOC_Os03g45720,LOC_Os03g45720.1,0.94,0.02
LOC_Os06g34040,LOC_Os06g34040.1,0.94,-0.02
LOC_Os04g17050,LOC_Os04g17050.1,0.94,0.04
LOC_Os01g36930,LOC_Os01g36930.1,0.94,0.02
LOC_Os04g30430,LOC_Os04g30430.1,0.94,-0.04
LOC_Os01g60660,LOC_Os01g60660.1,0.94,-0.04
LOC_Os01g08580,LOC_Os01g08580.1,0.94,0.01
LOC_Os03g42220,LOC_Os03g42220.1,0.95,-0.02
LOC_Os09g36830,LOC_Os09g36830.1,0.95,0.05
LOC_Os10g40040,LOC_Os10g40040.1,0.95,-0.03
LOC_Os08g33190,LOC_Os08g33190.1,0.95,-0.04
LOC_Os05g01262,LOC_Os05g01262.1,0.95,-0.07
LOC_Os04g35290,LOC_Os04g35290.1,0.95,-0.04
LOC_Os01g42650,LOC_Os01g42650.1,0.95,0.03
LOC_Os06g34120,LOC_Os06g34120.1,0.95,-0.04
LOC_Os04g36050,LOC_Os04g36050.1,0.95,0.04
LOC_Os08g30810,LOC_Os08g30810.1,0.95,-0.03
LOC_Os05g05320,LOC_Os05g05320.1,0.95,0.02
LOC_Os11g01510,LOC_Os11g01510.1,0.95,-0.02
LOC_Os09g21210,LOC_Os09g21210.1,0.96,0.02
LOC_Os11g40100,LOC_Os11g40100.2,0.96,0.02
LOC_Os01g27990,LOC_Os01g27990.1,0.96,0.03
LOC_Os07g40800,LOC_Os07g40800.1,0.96,-0.01
LOC_Os10g42100,LOC_Os10g42100.1,0.96,-0.01
LOC_Os10g35990,LOC_Os10g35990.1,0.96,-0.02
LOC_Os07g12110,LOC_Os07g12110.1,0.96,0.03
LOC_Os11g38670,LOC_Os11g38670.1,0.96,0.02
LOC_Os02g20930,LOC_Os02g20930.1,0.96,0.01
LOC_Os12g40550,LOC_Os12g40550.1,0.96,-0.03
LOC_Os07g06590,LOC_Os07g06590.1,0.96,0.02
LOC_Os05g35480,LOC_Os05g35480.1,0.96,-0.03
LOC_Os04g40310,LOC_Os04g40310.1,0.96,0.03
LOC_Os06g07140,LOC_Os06g07140.1,0.96,0.02
LOC_Os05g35460,LOC_Os05g35460.1,0.96,-0.04
LOC_Os05g01300,LOC_Os05g01300.1,0.96,-0.02
LOC_Os03g49580,LOC_Os03g49580.1,0.96,-0.02
LOC_Os05g44050,LOC_Os05g44050.1,0.97,-0.01
LOC_Os05g05840,LOC_Os05g05840.1,0.97,-0.01
LOC_Os03g55350,LOC_Os03g55350.1,0.97,0.02
LOC_Os01g51410,LOC_Os01g51410.1,0.97,0.01
LOC_Os08g44860,LOC_Os08g44860.1,0.97,-0.02
LOC_Os02g07230,LOC_Os02g07230.1,0.97,0.02
LOC_Os06g05720,LOC_Os06g05720.1,0.97,0.02
LOC_Os07g04530,LOC_Os07g04530.1,0.97,0.02
LOC_Os02g12580,LOC_Os02g12580.1,0.97,-0.01
LOC_Os11g04520,LOC_Os11g04520.1,0.97,-0.01
LOC_Os12g06890,LOC_Os12g06890.1,0.97,-0.02
LOC_Os04g56290,LOC_Os04g56290.1,0.97,-0.02
LOC_Os10g41410,LOC_Os10g41410.2,0.97,-0.01
LOC_Os07g44430,LOC_Os07g44430.1,0.97,-0.02
LOC_Os03g15960,LOC_Os03g15960.1,0.97,-0.02
LOC_Os06g30750,LOC_Os06g30750.1,0.97,0.01
LOC_Os04g52361,LOC_Os04g52361.1,0.97,0.01
LOC_Os02g22780,LOC_Os02g22780.1,0.97,0.01
LOC_Os03g59610,LOC_Os03g59610.1,0.97,0.02
LOC_Os03g38000,LOC_Os03g38000.1,0.98,-0.01
LOC_Os04g44570,LOC_Os04g44570.1,0.98,0.01
LOC_Os02g50790,LOC_Os02g50790.2,0.98,-0.02
LOC_Os01g34620,LOC_Os01g34620.1,0.98,0.02
LOC_Os08g36150,LOC_Os08g36150.1,0.98,-0.01
LOC_Os04g02870,LOC_Os04g02870.1,0.98,0.02
LOC_Os06g01360,LOC_Os06g01360.1,0.98,-0.01
LOC_Os03g60090,LOC_Os03g60090.1,0.98,0
LOC_Os02g11740,LOC_Os02g11740.1,0.98,0.01
LOC_Os09g10600,LOC_Os09g10600.1,0.98,0.01
LOC_Os02g02890,LOC_Os02g02890.1,0.98,0.01
LOC_Os10g02630,LOC_Os10g02630.1,0.98,-0.01
LOC_Os03g26820,LOC_Os03g26820.1,0.98,0.01
LOC_Os03g16040,LOC_Os03g16040.1,0.98,0.01
LOC_Os06g12580,LOC_Os06g12580.1,0.98,0.01
LOC_Os06g50490,LOC_Os06g50490.1,0.98,0
LOC_Os04g40840,LOC_Os04g40840.1,0.98,0.01
LOC_Os08g40150,LOC_Os08g40150.1,0.99,0.01
LOC_Os07g07220,LOC_Os07g07220.1,0.99,0.01
LOC_Os10g35540,LOC_Os10g35540.1,0.99,0.01
LOC_Os11g21990,LOC_Os11g21990.1,0.99,0.01
LOC_Os03g17120,LOC_Os03g17120.1,0.99,-0.01
LOC_Os11g29190,LOC_Os11g29190.2,0.99,-0.01
LOC_Os12g31830,LOC_Os12g31830.1,0.99,0.01
LOC_Os03g26490,LOC_Os03g26490.1,0.99,0.01
LOC_Os07g40250,LOC_Os07g40250.1,0.99,0
LOC_Os02g01030,LOC_Os02g01030.1,0.99,0
LOC_Os03g18590,LOC_Os03g18590.1,0.99,0
LOC_Os03g50850,LOC_Os03g50850.1,0.99,-0.01
LOC_Os07g39300,LOC_Os07g39300.1,0.99,0
LOC_Os04g40990,LOC_Os04g40990.1,0.99,0
LOC_Os09g17730,LOC_Os09g17730.1,0.99,0
LOC_Os01g42830,LOC_Os01g42830.1,0.99,0
LOC_Os04g35240,LOC_Os04g35240.1,1,0
LOC_Os01g27750,LOC_Os01g27750.1,1,0
LOC_Os11g30410,LOC_Os11g30410.1,1,0
LOC_Os07g03070,LOC_Os07g03070.1,1,0
LOC_Os04g41300,LOC_Os04g41300.1,1,0
LOC_Os10g41400,LOC_Os10g41400.1,1,0
LOC_Os10g11260,LOC_Os10g11260.1,1,0