class,compound,A0-1,A0-2,A0-3,A4-1,A4-2,A4-3,A8-1,A8-2,A8-3,A12-1,A12-2,A12-3,A16-1,A16-2,A16-3,A24-1,A24-2,A24-3
Amino Acid,4-hydroxyproline,0.000365668,0.000233308,0.000287551,0.000166788,0.000310518,0.000241841,0.000187842,0.000239532,0.000306046,0.000238,0.000278994,0.000293124,0.000196018,0.000221048,0.000194748,0.000170159,0.000172043,0.000304033
Amino Acid,Alanine,0.018330108,0.014020259,0.016625516,0.020139345,0.015990892,0.015075909,0.021496692,0.011359949,0.012268605,0.012683503,0.018235274,0.012715592,0.021191572,0.025702583,0.015920567,0.0162992,0.024551624,0.022104725
Amino Acid,AABA,0.00017165,0.000001,0.000001,7.25E-05,0.000001,0.000001,0.000001,0.000001,0.000139648,5.72E-05,8.09E-05,0.000001,0.00018352,0.000001,0.00010471,0.000238602,0.000150952,0.00010637
Amino Acid,Asparagine,0.006747669,0.005269637,0.008394726,0.004284288,0.004322119,0.004961863,0.004041381,0.002839537,0.004930882,0.003867865,0.004114839,0.00343361,0.002652056,0.002195208,0.00301663,0.003091273,0.001774546,0.003104218
Amino Acid,Aspartate,0.029268177,0.022433739,0.025510083,0.017315099,0.017343483,0.020095539,0.014093516,0.017430253,0.0194085,0.01843014,0.016753664,0.017102421,0.016468693,0.021101409,0.020960622,0.020186658,0.017229076,0.019403404
Amino Acid,beta-alanine,0.000291128,0.000218703,0.000228066,0.000184901,0.000179614,0.000196175,0.000210589,0.000174671,0.000186993,0.00024743,0.00027883,0.000269809,0.000222296,0.000314272,0.000255919,0.000182769,0.0002775,0.000233251
Amino Acid,beta-aminoisobutyrate,1.40E-05,2.17E-05,3.69E-05,2.38E-05,0.000001,0.000001,0.000001,0.000001,0.000001,0.000001,2.17E-05,2.45E-05,0.000001,0.000001,0.000001,0.000001,3.12E-05,2.78E-05
Amino Acid,Cyanoalanine,0.002259554,0.001465036,0.001867768,0.001368042,0.000732917,0.0011893,0.001183358,0.002088725,0.001108826,0.001762319,0.000906691,0.000804484,0.000635743,0.001072493,0.000926791,0.001107003,0.000591563,0.000768647
Amino Acid,Citrulline,0.000179996,0.000141949,0.000147816,7.69E-05,0.000228325,0.000157875,0.00028014,8.50E-05,0.00023105,0.000101028,0.000223455,0.000190783,0.000159184,0.000148063,0.000140544,7.90E-05,0.000147496,0.000413476
Amino Acid,Cystein,0.000347874,0.000261061,0.000228184,0.000150477,0.000205052,0.000144377,0.000184037,0.00021296,0.00014948,0.000272517,0.000243263,0.000271933,0.000453942,0.000679528,0.000244813,0.000326844,0.000465625,0.000366211
Amino Acid,GABA,0.001180402,0.000994053,0.000899624,0.001602204,0.001188356,0.001390787,0.001311864,0.000788098,0.000853393,0.000631151,0.000917244,0.000716943,0.001062959,0.00193101,0.001032495,0.00094161,0.002825576,0.001598935
Amino Acid,Glutamate,0.009508586,0.006887688,0.007991875,0.004054049,0.00483323,0.005582544,0.005475118,0.004441012,0.00504447,0.005918135,0.006197998,0.005383007,0.006302679,0.009313594,0.006525966,0.008459594,0.008511664,0.008509384
Amino Acid,Glutamine,0.004767106,0.003935103,0.004641986,0.004931882,0.005560536,0.005072594,0.006159849,0.005708342,0.007317471,0.0067227,0.005346692,0.005780294,0.00375486,0.005246466,0.004559008,0.003621471,0.002495885,0.003995224
Amino Acid,Glycine,0.000479315,0.000197228,0.000287337,0.000277539,0.000243797,0.000184386,0.000272335,0.000529487,0.000253558,0.000193896,0.000199663,0.000197185,0.000259451,0.000268416,0.000230638,0.00014896,0.000315749,0.000272889
Amino Acid,Histidine,0.000143664,0.000156003,0.000151733,9.20E-05,0.000189929,0.000110835,0.000190103,9.09E-05,0.000192051,4.46E-05,0.000243052,0.000234162,0.000324505,0.000208359,0.000279521,0.000208089,0.000228908,0.000308378
Amino Acid,Isoleucine,0.003372669,0.002100051,0.002972697,0.001999241,0.002107162,0.001552195,0.001492748,0.002062767,0.001613905,0.001907801,0.001452114,0.001707448,0.001634139,0.002424488,0.001703522,0.002110433,0.00294263,0.002198978
Amino Acid,Leucine,0.003481664,0.002357402,0.002907299,0.002345402,0.002447892,0.002116299,0.002342416,0.002326909,0.002382545,0.002358566,0.002469834,0.002273245,0.003107536,0.003858132,0.002748149,0.003823682,0.006522211,0.004371718
Amino Acid,Lysine,0.000522474,0.000488553,0.00045286,0.000405764,0.000447709,0.000437878,0.000547237,0.000337915,0.000474899,0.000271089,0.000514993,0.000356364,0.000510928,0.00053582,0.000422969,0.000341788,0.000566634,0.000600845
Amino Acid,Methionine,0.001168614,0.000822537,0.000931346,0.000730162,0.000643296,0.000637216,0.000756394,0.000684135,0.000614423,0.000732878,0.000672644,0.000671708,0.000779547,0.00107363,0.000678722,0.00100054,0.001240709,0.000980521
Amino Acid,Norvaline,0.000166447,9.85E-05,0.00018704,9.80E-05,0.00012726,0.000112763,8.46E-05,9.81E-05,9.86E-05,0.000115947,0.000118505,9.53E-05,7.12E-05,9.42E-05,9.85E-05,0.000104784,8.13E-05,0.000101981
Amino Acid,Ornithine,0.000614246,0.000466795,0.000530277,0.000282091,0.000678443,0.000604909,0.000995562,0.000452202,0.000922326,0.000632449,0.00086919,0.000693564,0.000469782,0.000655514,0.000496194,0.000474106,0.000564876,0.001044663
Amino Acid,Phenylalanine,0.001050383,0.000759392,0.000989382,0.000734263,0.000875789,0.000649467,0.000769167,0.000706853,0.000867166,0.000791248,0.000734484,0.000784827,0.001007095,0.00109811,0.000895428,0.001426877,0.001560583,0.001253135
Amino Acid,Proline,0.008036756,0.006175595,0.008081708,0.00555012,0.012403449,0.008591422,0.011696852,0.004457607,0.009079587,0.004973118,0.008560689,0.008208793,0.006837068,0.007358854,0.007991067,0.005708441,0.007463767,0.01229121
Amino Acid,Pyroglutamate,0.045967212,0.036712783,0.040137593,0.02589917,0.026475012,0.029591628,0.027032086,0.027054426,0.027676867,0.032246174,0.029788006,0.027953616,0.029966438,0.050602283,0.034562798,0.03905181,0.036960829,0.035610617
Amino Acid,Serine,0.012056633,0.00835468,0.010131979,0.007762318,0.007256871,0.006916841,0.008098368,0.007979338,0.008105848,0.008041369,0.008562882,0.007742863,0.008558107,0.01036047,0.008102147,0.008044346,0.009636892,0.009308683
Amino Acid,Threonine,0.002454607,0.001682451,0.001945722,0.001449043,0.001384979,0.001493874,0.002014774,0.001615452,0.001955152,0.001822024,0.001706922,0.001725358,0.001721277,0.002416097,0.001765133,0.001745748,0.001891481,0.001957376
Amino Acid,Tryptophan,0.000692645,0.00059417,0.000629544,0.000563918,0.000520949,0.000503369,0.000496395,0.000378173,0.000521429,0.000478744,0.000673202,0.000545163,0.000713724,0.000601892,0.000715925,0.000798925,0.000756994,0.000748005
Amino Acid,Tyrosine,0.000465264,0.000315352,0.000377063,0.00032848,0.000296652,0.000257983,0.000338807,0.000270922,0.000341768,0.000272738,0.000361912,0.000317982,0.000359781,0.00041417,0.000403009,0.000402367,0.000524188,0.000477256
Amino Acid,Valine,0.00150057,0.000961562,0.0013938,0.00105485,0.00103,0.000778557,0.000914791,0.000982328,0.000876089,0.000993948,0.000873712,0.000966323,0.001016082,0.001363104,0.001043203,0.001099576,0.001431691,0.001278298
Apolar,alpha-Tocopherol,0.000100398,5.03E-05,0.000001,0.000001,2.10E-05,6.26E-05,3.47E-05,2.32E-05,5.92E-06,1.92E-05,2.78E-05,4.09E-05,0.00012742,0.000112497,0.000001,3.32E-05,0.000120773,9.22E-05
Apolar,beta-Sitosterol,0.005909948,0.00562073,0.005663144,0.004170853,0.005459366,0.005038832,0.005267953,0.004464293,0.0055894,0.005341376,0.007924112,0.007812642,0.008306141,0.006702476,0.008964478,0.007512047,0.007421524,0.008939957
Apolar,Campesterol,0.001265211,0.001276776,0.00115717,0.000810262,0.001033958,0.000966072,0.001080883,0.000955373,0.000958029,0.000906145,0.00150619,0.001424373,0.001882745,0.00132648,0.001746366,0.00130281,0.001532844,0.001892279
Apolar,gamma-Tocopherol,0.000001,0.000001,0.000001,0.000001,0.000001,0.000001,0.000001,0.000001,0.000001,0.000001,0.000001,0.000001,0.000001,0.000001,0.000001,0.000001,0.000001,0.000001
Apolar,Monopalmitine,0.00212148,0.001488618,0.001640464,0.001039666,0.001674507,0.001373374,0.001290588,0.00119777,0.001541448,0.001591392,0.001594497,0.00171044,0.001793323,0.0019725,0.001784177,0.001739383,0.001776793,0.002398298
Apolar,Monostearin,0.000494488,0.000617914,0.000639384,0.000234866,0.000720681,0.000515655,0.00030925,0.000232352,0.00034893,0.000398336,0.000412737,0.000438779,0.00052411,0.000302436,0.000726843,0.000311235,0.000529628,0.000832746
Apolar,Stigmasterol,0.00092253,0.001001692,0.00097879,0.000664496,0.000865509,0.000807458,0.000752793,0.000689908,0.000835764,0.00075825,0.001201558,0.001223724,0.001387497,0.001002293,0.001474142,0.001093092,0.001167989,0.001347555
Carbohydrate,Arabinose,0.000290413,0.000228416,0.00025188,0.000148619,0.000162105,0.00018195,0.000157877,0.000146137,0.000161331,0.000207682,0.000218798,0.000247428,0.000231443,0.000184265,0.000262586,0.000221931,0.00019702,0.000208011
Carbohydrate,Cellobiose,0.000567587,0.000633637,0.000798468,0.000432164,0.000700796,0.000798036,0.000762152,0.000397548,0.000438589,0.00056954,0.001030881,0.000790929,0.001364762,0.001014062,0.001012866,0.001141339,0.001492407,0.002151692
Carbohydrate,Digalactosylglycerol,0.001528325,0.001507589,0.001413943,0.000970002,0.00157244,0.001225833,0.001267488,0.000878488,0.001047026,0.00064549,0.000928991,0.001122949,0.000845808,0.000580243,0.001147449,0.000440039,0.000479769,0.000974825
Carbohydrate,Fructose,0.015357475,0.014790085,0.010544304,0.005012967,0.005781607,0.004455503,0.006986305,0.005299213,0.005143081,0.007594632,0.008978727,0.007413178,0.007606058,0.012254198,0.00577785,0.0081116,0.007213671,0.007189385
Carbohydrate,Fructose-6-P,2.36E-05,2.91E-05,1.36E-05,2.19E-05,4.02E-05,1.78E-05,4.21E-05,2.53E-05,9.37E-06,4.32E-05,8.08E-05,5.97E-05,5.81E-05,4.61E-05,3.81E-05,7.63E-05,0.000134141,9.71E-05
Carbohydrate,Galactose,0.000829152,0.00064629,0.00078088,0.000509054,0.000820151,0.000624596,0.000645675,0.000657094,0.000770222,0.000803211,0.000789514,0.000905656,0.001002932,0.000842315,0.000851733,0.000735616,0.000812473,0.000731764
Carbohydrate,Galactosylglycerol,0.000530588,0.000419657,0.000583398,0.000311231,0.000458524,0.00034778,0.000278084,0.000251684,0.00030527,0.000253868,0.000257684,0.000310164,0.000201035,0.000248143,0.000273008,0.000167002,0.000203082,0.000273745
Carbohydrate,Gentiobiose,1.88E-05,0.000001,2.20E-05,7.70E-06,0.000001,7.71E-05,4.72E-06,1.06E-05,1.00E-05,0.000001,3.21E-05,0.000001,6.59E-05,1.83E-05,5.26E-05,1.72E-05,3.95E-05,0.000001
Carbohydrate,Glucopyranose,0.003313331,0.002596867,0.002889496,0.001939234,0.002742658,0.001747585,0.004337234,0.001709903,0.003672983,0.003700612,0.002243782,0.003568992,0.004070026,0.002984049,0.004620598,0.003229897,0.003373796,0.004067674
Carbohydrate,Glucose,0.032344225,0.031248,0.027029881,0.023872413,0.022867172,0.016922528,0.029660355,0.029460983,0.022999931,0.031245255,0.036640051,0.038851023,0.077643074,0.048617788,0.050195542,0.064368802,0.070325949,0.059987582
Carbohydrate,Glucose-6-P,2.54E-05,7.49E-05,0.000002,5.90E-05,6.12E-05,3.98E-05,3.77E-05,6.46E-05,0.000109572,6.78E-05,0.000114531,0.000130116,0.000199067,0.000186482,0.0001406,0.000121327,0.00022122,0.000163545
Carbohydrate,Maltose,0.000134448,0.000002,0.000002,9.25E-05,0.000002,8.49E-05,0.000135205,4.99E-05,9.71E-05,0.000107345,0.000101697,9.93E-05,0.000391086,0.000188734,0.00024478,0.000280044,0.000594229,0.000645388
Carbohydrate,Maltotriose,0.000001,0.000001,0.000001,0.000001,0.000124582,0.000001,5.25E-05,0.000001,0.000001,6.40E-05,0.000111001,7.08E-05,0.000001,2.51E-05,0.000188025,0.000248234,0.000335274,0.000235391
Carbohydrate,Mannose,0.000133404,0.000119736,0.000107562,8.24E-05,9.89E-05,9.57E-05,9.90E-05,8.93E-05,5.46E-05,7.11E-05,0.000119823,7.31E-05,0.000150933,0.000139103,8.48E-05,0.000117593,0.000139043,0.000143089
Carbohydrate,Melibiose,0.000559986,0.000531123,0.000474505,0.00039958,0.000414959,0.00037003,0.000423169,0.000370934,0.000369419,0.000291599,0.000393602,0.00047152,0.000487991,0.000498571,0.000662118,0.000449938,0.000404837,0.000439638
Carbohydrate,Raffinose,0.031343635,0.024648673,0.029676512,0.013468475,0.01210044,0.016950032,0.016586441,0.007966629,0.00674595,0.003722079,0.008110316,0.006722509,0.003267531,0.002520577,0.0047351,0.003706267,0.002048793,0.005078571
Carbohydrate,Ribose,0.00012911,0.000132949,0.000121771,9.43E-05,0.000102055,0.000104888,9.81E-05,0.000102962,0.00010924,0.000130286,0.000115551,0.00013106,0.000130729,0.000129529,0.000180673,0.000138683,0.00012656,0.000100642
Carbohydrate,Sedoheptulose,0.000311369,0.000254492,0.000293421,0.000181907,0.000189568,0.000197364,0.00025785,0.000224174,0.000227849,0.000229877,0.000274318,0.000280887,0.000336011,0.000243208,0.000304735,0.000309766,0.000251207,0.000217668
Carbohydrate,Sucrose,0.184195504,0.152796044,0.210600181,0.180817149,0.206744086,0.209438401,0.179405429,0.158694993,0.182150905,0.164685903,0.184753972,0.205772848,0.205088629,0.202689841,0.206496906,0.183343765,0.207575653,0.196510985
Carbohydrate,Sucrose-6-P,0.00014171,0.0001207,0.000136194,5.62E-05,3.13E-05,2.41E-05,6.29E-05,1.43E-05,1.45E-05,0.000001,4.25E-05,4.41E-05,6.09E-05,3.37E-05,2.46E-05,0.000001,1.43E-05,4.19E-05
Carbohydrate,Trehalose,0.001227168,0.001220071,0.001143938,0.000100681,0.000001,0.000212352,0.000333374,0.00010118,0.000165783,0.000120506,0.000372697,0.000607824,0.000639607,0.000175487,0.000339079,0.000001,0.000359247,0.000757267
Carbohydrate,Xylose,4.06E-05,5.15E-05,4.04E-05,4.04E-05,5.72E-05,5.72E-05,5.39E-05,5.57E-05,3.49E-05,8.10E-05,0.000100899,9.15E-05,0.000113786,0.000120274,9.85E-05,0.000130025,0.000114221,7.35E-05
Fatty acid,Ethyl Linoleate,4.67E-05,1.86E-05,4.20E-05,6.98E-06,4.63E-06,1.16E-05,4.34E-06,1.16E-05,4.30E-06,8.24E-06,1.33E-05,0.000001,6.77E-06,0.000001,0.000001,1.19E-05,1.50E-05,0.000001
Fatty acid,Ethyl Oleate,0.00015786,5.17E-05,9.57E-05,5.23E-06,1.49E-05,1.40E-05,1.28E-05,6.81E-06,3.14E-06,1.73E-05,1.58E-05,0.000001,9.67E-06,0.000001,1.47E-05,6.31E-06,2.61E-05,1.44E-06
Fatty acid,Linoleic acid,0.019090339,0.016432147,0.018209297,0.013206468,0.015868662,0.013974928,0.017666877,0.014317833,0.017571776,0.017690797,0.021585228,0.019936722,0.020527117,0.020213363,0.020975647,0.024677423,0.023053669,0.026268564
Fatty acid,Linolenic acid,0.000404156,0.000333563,0.000372341,0.00033229,0.000412375,0.000318579,0.000376234,0.000330155,0.000001,0.000372375,0.000492193,0.000483317,0.000537163,0.000453955,0.000549195,0.000557851,0.00054009,0.000648911
Fatty acid,Oleic acid,0.031465966,0.017711191,0.020169667,0.015112451,0.018914597,0.017454579,0.018932243,0.016106676,0.020085614,0.017985701,0.019444182,0.019598439,0.019981575,0.020268418,0.019222359,0.020185923,0.020560092,0.02766887
Nitrogen-rich,Allantoin,0.003136237,0.002339284,0.002722567,0.002134317,0.002055692,0.002006065,0.002816995,0.001833198,0.002235915,0.002248565,0.003113175,0.002231453,0.002597889,0.002451106,0.002555708,0.001819024,0.001853602,0.002315456
Organic acid,2-aminoadipate,0.000116103,5.95E-05,0.000126299,6.14E-05,6.09E-05,8.51E-05,7.78E-05,8.25E-05,0.000111646,9.00E-05,8.04E-05,8.81E-05,7.30E-05,0.000113474,6.72E-05,7.69E-05,8.15E-05,0.000113997
Organic acid,2-Oxoglutarate,8.16E-06,0.000001,0.000001,1.97E-05,6.12E-06,0.000001,1.68E-05,2.20E-05,2.10E-05,4.77E-05,2.52E-05,2.23E-05,3.75E-05,5.53E-05,4.66E-05,3.97E-05,3.48E-05,3.72E-05
Organic acid,2-Piperidinecarboxylate,0.00106894,0.000848314,0.000816315,0.000722157,0.000715256,0.000717591,0.000735871,0.000675863,0.000674424,0.000588815,0.000877214,0.000754327,0.000701972,0.00114508,0.000716521,0.000847351,0.000790138,0.000723764
Organic acid,Aconitate-trans,1.19E-05,1.65E-05,1.67E-05,9.73E-06,1.09E-05,1.94E-05,9.90E-06,1.05E-05,1.57E-05,9.00E-06,2.55E-05,5.50E-06,1.50E-05,2.38E-05,2.19E-05,1.98E-05,2.57E-05,3.24E-05
Organic acid,caffeate,0.000195797,0.000177762,0.000259327,0.00017134,0.00018263,0.000202387,0.000120059,0.000149233,0.000122114,0.000121519,0.000172668,0.000228339,0.000345084,0.000294113,0.000370398,0.000366661,0.000389354,0.000270354
Organic acid,Citrate,0.003797839,0.004015843,0.00305284,0.002679954,0.004849902,0.031283167,0.004136907,0.003809987,0.005472071,0.005623756,0.007055557,0.005776251,0.007470687,0.009186509,0.007799101,0.009069991,0.009882807,0.010440917
Organic acid,Dehydroascorbate,7.84E-05,2.16E-05,4.13E-05,2.72E-05,0.000113578,7.95E-05,0.000121854,3.73E-05,0.000109387,8.45E-05,0.000206618,0.000192351,0.000159202,0.000187493,0.000118235,0.000161783,0.00016213,0.000263881
Organic acid,Erythronate,0.000121673,6.71E-05,0.00010474,6.58E-05,8.02E-05,4.80E-05,5.19E-05,4.06E-05,4.93E-05,4.72E-05,5.60E-05,4.69E-05,3.83E-05,7.15E-05,3.34E-05,5.34E-05,3.18E-05,4.74E-05
Organic acid,ferruoylquinate,0.000001,0.000001,0.000001,0.000001,0.000001,0.000001,0.000001,0.000001,0.000001,0.000001,0.000001,0.000001,0.000001,0.000001,0.000001,2.34E-05,0.000001,0.000001
Organic acid,Ferulate,0.004221849,0.002733631,0.005385767,0.003513068,0.00257741,0.002920939,0.001317232,0.002170163,0.00194279,0.002386047,0.001990533,0.002742009,0.00366358,0.00265561,0.004418971,0.004677457,0.004128483,0.002615253
Organic acid,Fumarate,0.000936165,0.000620546,0.000588635,0.000468193,0.000908317,0.001095993,0.000474244,0.000675667,0.000853885,0.000793642,0.000554966,0.000624715,0.000518997,0.001264535,0.000878361,0.000863148,0.000661939,0.000823264
Organic acid,Galactonate,0.000128617,9.44E-05,0.0001489,0.00016782,5.25E-05,9.77E-05,7.92E-05,6.78E-05,9.12E-05,5.02E-05,0.00010825,0.000101429,0.000137848,9.99E-05,0.000120916,0.0001194,0.000112451,8.05E-05
Organic acid,4-hydroxybutanoate_GHB ,0.000382988,0.0003308,0.000334995,0.000372063,0.000391244,0.00038324,0.000294291,0.000331732,0.000297417,0.000354333,0.000374323,0.000369362,0.000399892,0.00036844,0.000389618,0.00027826,0.000382036,0.000345262
Organic acid,Glucaric acid ,0.000289252,0.000246739,0.0002315,0.000122717,0.000172676,0.000209453,0.00023929,0.000120904,0.0001335,0.000137,0.000263129,0.000163115,0.000178631,0.000288018,0.000260743,0.000284466,0.00033751,0.000257383
Organic acid,Gluconate,0.000742235,0.000577289,0.000795721,0.000945629,0.000826764,0.003033575,0.000560206,0.000264654,0.000972674,0.000198224,0.000350541,0.000658442,0.001255381,0.000170223,0.001025628,0.000453731,0.00033861,0.000396159
Organic acid,Glycerate,0.00017607,0.000157745,0.000223409,0.000125851,0.000137656,0.000159284,0.000107462,8.69E-05,0.000114137,0.000119281,0.000144692,0.000113708,9.69E-05,0.000130029,0.0001885,0.000108706,0.000105828,0.000144285
Organic acid,Glycerate-3-P,0.000001,0.000001,0.000001,0.000001,1.06E-05,8.64E-06,0.000001,0.000001,0.000001,0.000001,2.65E-05,0.000001,0.000001,0.000001,0.000001,0.000001,0.000001,0.000001
Organic acid,Glycolate,0.001415026,0.001225928,0.001810194,0.001506122,0.002274424,0.002804377,0.001707263,0.001269299,0.001224166,0.001298117,0.001236182,0.001324177,0.001553224,0.002380565,0.001524074,0.002500765,0.002321236,0.002409524
Organic acid,Malate,0.000451957,0.000323364,0.000426804,0.000467545,0.000700168,0.000636962,0.000504238,0.000608513,0.000779666,0.000543652,0.000541142,0.000492604,0.000398771,0.000568339,0.000603476,0.000553323,0.000675319,0.000629081
Organic acid,Maleate,7.52E-05,6.22E-05,6.50E-05,5.36E-05,8.50E-05,0.000100812,5.64E-05,6.13E-05,9.24E-05,6.93E-05,6.00E-05,7.24E-05,5.76E-05,0.000112906,7.60E-05,9.94E-05,7.78E-05,6.22E-05
Organic acid,Malonate,1.53E-05,1.34E-05,2.09E-05,1.15E-05,3.29E-05,3.99E-05,1.10E-05,1.40E-05,1.24E-05,2.54E-05,2.46E-05,1.92E-05,1.65E-05,2.13E-05,0.000001,2.59E-05,1.08E-05,6.23E-06
Organic acid,monomethylphosphate,0.000219335,0.000717001,0.000310645,0.000145963,0.000259502,0.000120303,0.000134739,0.000121373,0.000139212,0.000122099,9.41E-05,0.000194451,0.00046738,0.000110473,0.000626902,6.08E-05,8.62E-05,0.000217174
Organic acid,Nicotinate,0.002162086,0.001966332,0.001639391,0.001813993,0.001351683,0.001337523,0.001845212,0.001660273,0.001525581,0.00244659,0.002068574,0.00200424,0.002288817,0.001050526,0.002132673,0.000908783,0.002037805,0.001530644
Organic acid,Phosphate,0.052049448,0.062761031,0.061578463,0.03210365,0.048791873,0.037969082,0.025231334,0.034350633,0.035543067,0.041926247,0.03890293,0.042035672,0.061279921,0.068880281,0.071623799,0.054633386,0.055003191,0.05457469
Organic acid,Pipecolate,0.00045891,0.000455251,0.000480053,0.000291438,0.000593095,0.00061283,0.000421066,0.000299703,0.000343056,0.000290162,0.000570571,0.000493762,0.000493914,0.000370441,0.000475517,0.000313767,0.00034735,0.000603643
Organic acid,Pyruvate,6.19E-05,3.36E-05,0.000001,4.24E-05,4.09E-05,0.000001,0.000001,5.13E-05,5.72E-05,5.00E-05,4.93E-05,2.87E-05,3.16E-05,9.44E-05,5.06E-05,7.87E-05,0.000001,0.000001
Organic acid,Quinate,0.000227294,0.000197317,0.000393815,8.14E-05,0.000574212,0.000362479,0.003262017,0.000167874,0.003083246,0.000192956,0.000428371,0.000459316,0.00020191,0.000332623,0.001091821,0.000344389,0.00053123,0.001813091
Organic acid,Salicylate,0.00086913,0.000606726,0.001120554,0.000791182,0.0006714,0.000837398,0.000433142,0.000532438,0.000713575,0.000611056,0.00063091,0.000661188,0.000605591,0.000738494,0.000721025,0.002315394,0.000752463,0.000667928
Organic acid,Shikimate,1.58E-06,2.57E-06,4.71E-06,2.10E-06,0.000001,4.03E-06,0.000001,2.42E-06,5.67E-06,3.62E-06,6.44E-06,3.27E-06,9.66E-06,2.91E-06,6.58E-06,4.24E-06,5.33E-06,1.10E-05
Organic acid,Sinapinate,0.000308071,0.000339436,0.000450327,0.000199804,0.000243914,0.000206301,0.00017252,0.000161206,0.000240855,0.000234703,0.000228881,0.000269584,0.000338391,0.000168847,0.000380146,0.000153776,0.000202054,0.000243051
Organic acid,Sinapinate-trans,0.000321184,0.000338925,0.000385466,0.00019575,0.000246615,0.000272751,0.000146248,0.000174151,0.00021902,0.000246389,0.000233142,0.000306379,0.000311484,0.000163515,0.00037254,0.000191895,0.000226517,0.000295012
Organic acid,Succinate,0.000752543,0.000530863,0.000571271,0.000748988,0.001438964,0.001710786,0.00089545,0.000857433,0.001071437,0.00080066,0.000734417,0.000915458,0.000788673,0.001470711,0.000728874,0.000889421,0.00068816,0.000922721
Organic acid,Threonate,0.000315536,0.000326442,0.000287895,0.000120211,0.000124198,0.000147599,0.000122059,9.71E-05,0.00018092,0.000124816,0.000126788,0.000172423,0.000128573,0.000192873,0.000242472,0.000118179,0.000129789,0.000130403
Organic acid,Threonate-lactone,0.000001,4.07E-05,8.61E-06,3.48E-06,2.39E-05,0.000001,3.28E-05,3.37E-05,3.24E-05,4.16E-05,9.89E-05,7.40E-05,0.000125723,0.000141184,0.000132165,9.49E-05,0.000112308,0.000111769
Organic acid,Urate,8.87E-05,2.35E-05,2.91E-05,1.84E-05,6.09E-05,5.41E-05,0.000166557,2.91E-05,0.000143692,2.87E-05,3.81E-05,0.000397384,1.24E-05,7.27E-05,4.59E-05,8.46E-05,2.99E-05,9.50E-05
OTHER,Ethanolamine,0.006910432,0.004071624,0.004560727,0.003074484,0.003641568,0.003151176,0.003403195,0.002772587,0.002774291,0.00264346,0.002835547,0.002606423,0.002394186,0.002714746,0.002909514,0.002139456,0.002572826,0.002768372
OTHER,N-acetylhexosamine,0.00044336,0.000350769,0.000373629,0.000515089,0.000543709,0.000440626,0.000680563,0.000132655,0.00056633,0.0004471,0.00053384,0.000764794,0.000807928,0.000370736,0.000673577,0.000697497,0.000370127,0.000617898
Polyamine,Putrescine,0.000196242,0.000285744,0.000317492,0.000195346,0.000580976,0.000357087,0.001061504,0.000777564,0.001227681,0.001337211,0.00172649,0.001551766,0.001414757,0.00138357,0.001434212,0.000536989,0.000820627,0.000963248
Polyamine,Spermidine,0.000001,4.28E-05,4.15E-05,0.000001,0.000132138,8.90E-05,0.00010535,0.000001,9.46E-05,0.000001,7.55E-05,6.86E-05,4.00E-05,5.77E-05,7.11E-05,2.35E-05,0.000001,0.000116071
Purine-Pyrimidine,Adenosine-5-P,0.000001,0.000001,0.000001,0.000001,0.000001,0.000001,7.71E-05,0.000001,0.000001,0.000001,0.000001,0.000001,0.000001,0.000001,0.000119028,1.23E-05,0.000001,0.000001
Purine-Pyrimidine,Guanine,5.69E-05,3.92E-05,5.94E-05,2.62E-05,0.000138541,0.000001,2.42E-05,4.07E-05,4.59E-05,5.26E-05,3.45E-05,0.000555801,5.33E-05,4.69E-05,6.29E-05,3.84E-05,4.31E-05,2.71E-05
Purine-Pyrimidine,Guanosine2,3.99E-05,0.000001,0.000588292,2.46E-05,0.000136993,6.33E-06,9.19E-06,1.35E-05,7.91E-06,9.55E-06,1.78E-05,3.13E-05,4.14E-05,2.66E-05,0.000150303,1.45E-05,3.40E-05,3.33E-05
Purine-Pyrimidine,uracil,0.000358038,0.00021978,0.000327548,0.00019743,0.000196973,0.00018964,0.000218571,0.000297187,0.00019764,0.000191188,0.000269662,0.000354766,0.000578011,0.000227756,0.000637412,0.000198646,0.000202186,0.000399155
Standard,Ribitol,0.049358342,0.041186161,0.045228403,0.041666667,0.050276521,0.050813008,0.039698293,0.042680324,0.048590865,0.048851979,0.041152263,0.043402778,0.048685492,0.05608525,0.047915668,0.041858518,0.050226017,0.048309179
Standard,propanediol,0.056396684,0.047354255,0.057971297,0.053600865,0.066104738,0.061200337,0.049371236,0.05022233,0.050921603,0.054775805,0.053349355,0.062190437,0.059835097,0.067416051,0.060868135,0.053981485,0.067027826,0.058597393
Standard,myristateD27,0.018695863,0.014395006,0.030344474,0.027586082,0.021509144,0.021249034,0.017663351,0.014242986,0.021890887,0.01623552,0.022721444,0.022307846,0.032551092,0.020923102,0.03192521,0.030242961,0.035348977,0.027024097
Sugar alcohol,Erythritol,0.000278151,0.000259222,0.000285158,8.70E-05,0.000617288,0.000366001,0.000363181,8.98E-05,0.000201562,5.46E-05,0.000160412,0.000237508,3.60E-05,0.000217864,7.04E-05,7.98E-05,6.77E-05,0.000144856
Sugar alcohol,galactinol,0.000001,0.000001,0.000001,1.12E-05,0.000001,1.99E-05,0.000001,0.000001,6.67E-06,0.000001,1.18E-05,8.01E-06,0.000001,0.000001,0.000001,0.000001,5.78E-06,1.79E-05
Sugar alcohol,Galactinol,0.000001,0.000001,0.000001,4.84E-05,0.000001,0.000001,0.000001,0.000001,0.000001,0.000001,8.19E-05,9.95E-05,0.000001,0.000001,9.18E-05,0.000001,0.000001,4.22E-05
Sugar alcohol,Glycerol,0.018756177,0.011579364,0.016071115,0.011676142,0.009755872,0.012086164,0.00883469,0.007748664,0.007844394,0.008278976,0.007492085,0.00877342,0.008564482,0.009046793,0.007792389,0.007907304,0.007135021,0.008292934
Sugar alcohol,Glycerol-2-P,0.000258742,0.000252685,0.000288903,0.000186543,0.000278258,0.00021025,0.000191741,0.000127786,0.000179869,0.000168008,0.000236769,0.000252168,0.000322488,0.000330099,0.000314196,0.000283205,0.00025367,0.000269597
Sugar alcohol,Glycerol-3-P,0.006102999,0.006473879,0.006926277,0.00419608,0.004384998,0.00428719,0.002571751,0.003148382,0.003696693,0.003784188,0.004801875,0.005140212,0.006277725,0.005412551,0.005990825,0.005715619,0.004823829,0.00458605
Sugar alcohol,Inositol_1,0.005839654,0.004314054,0.004294778,0.002975202,0.00282881,0.002670808,0.004742829,0.003075146,0.003333905,0.002244912,0.004332329,0.003764494,0.004433457,0.005150843,0.003856375,0.00361181,0.005012539,0.004584799
Sugar alcohol,Inositol_2,0.000199017,0.000123025,0.00011648,0.000107034,0.000436625,0.000200528,0.00026506,0.000148576,0.000214606,0.000183342,0.000284535,0.000308877,0.00022441,0.000180058,0.000372132,0.000253665,0.000255069,0.000498644
Sugar alcohol,Inositol_3,0.000328408,0.000233867,0.000271143,0.000251102,0.000234588,0.000256979,0.000243792,0.000223764,0.000239055,0.000221432,0.000267834,0.000300727,0.000337879,0.000243265,0.000309538,0.000284992,0.000267779,0.000255451
Sugar alcohol,Inositol_4,0.000413943,0.000390729,0.000355997,0.000316758,0.000273368,0.00028297,0.000295574,0.000249364,0.000261164,0.000239989,0.000316706,0.000367389,0.000334368,0.000294135,0.000313269,0.000344052,0.000292218,0.000296208
Sugar alcohol,Inositol_5,0.000864333,0.00063017,0.000684285,0.00045663,0.000468758,0.000538655,0.000610341,0.00044022,0.000511861,0.000535621,0.000663639,0.000594859,0.000605612,0.000703087,0.000386019,0.000601381,0.000607657,0.000408296
Sugar alcohol,Inositol-1-P,0.00273032,0.002211646,0.00306443,0.00206882,0.001583174,0.00182527,0.000944478,0.001566981,0.001386776,0.002033721,0.001770099,0.002071405,0.002325299,0.002438939,0.00237658,0.001954344,0.002338812,0.001604444
Sugar alcohol,Mannitol,0.001036854,0.000832363,0.000663187,0.000133669,0.000134955,0.000294055,0.000144052,0.00011224,0.000145559,7.67E-05,0.000259079,0.000153699,0.000112157,0.000107858,0.000160592,0.000105023,0.000124719,0.000540806
Sugar alcohol,Sorbitol,0.000267561,0.000213599,0.000240987,0.000214979,0.000226788,0.000171396,0.00073534,0.000159969,0.000172026,0.000142433,0.000185521,0.000188134,0.000371511,0.000191826,0.001685152,0.000103762,8.76E-05,0.000212785